word,pos,synonym
น้ำ,n,คงคา|คงคาลัย|ชล|ชลชาติ|ชลัมพุ|ชลาลัย|โดย|โตย|ทก|นิระ|เนียร|บาน|บานิโยทก|บานีโยทก|ปานะ|วาริ|วารี|สลิล|สินธุ|สินธุ์|สินธู|อัมพุ|อาปะ|อาโป|อุทก
แม่น้ำ,n,ลำน้ำ|สายน้ำ|ท้องน้ำ|ห้วงน้ำ|ทะเล|สมุทร|กระสินธุ|กุนที|คงคา|คงคาลัย|คลอง|แคว|จทึง|ฉทึง|ชทึง|ชรทึง|สทิง|สทึง|สรทึง|ชลธาร|ชลธารก|ชลธิศ|ชลธี|ชลาลัย|ชลาสินธุ์|ชโลทร|ธาร|ธารา|นที|มหรณพ|มหรรณพ|มหารณพ|ยมนา|รัตนากร|ลำธาร|ลำกระโดง|ลำประโดง|ลำห้วย|วหา|วาหินี|สริตะ|สาคร|สาคเรศ|สินธุ|สินธุ์|สินธู|อรรณพ|อุทกธารา|โอฆะ
ลม,n,ขยล|พระพาย|มารุต|วาตะ|วายุ|วาโย|อนิละ
ไฟ,n,กราน|กูณฑ์|ชวาล|ชาลา|ฑาหะ|เดช|เดโช|เตช|เตโช|เพลิง|ปาวกะ|ศิขา|สิขา|สิขี|อัคคี|อัคนี|อัจจิ
ดวงอาทิตย์,n,พระอาทิตย์|ตะวัน|ไถง|รวิ|รวี|รพิ|รพี|รำไพ|สุริยะ|สุริยา|สุริยัน|สุริยน|สุริยง|สุรีย์|สุริยมณฑล|สูรยมณฑล|สูรยพิมพ์|อักกะ|ทิพากร|ทิวากร|ทินกร|ภากร|ภาสกร|อาภากร|ประภากร|ภาณุ|ภาณุมาศ|รังสิมันตุ์|รังสิมา|อังศุธร|อังศุมาลี|พันแสง|จาตุรนต์รัศมี|สหัสรังสี|อุษณกร|อุษณรัศมี|อุษณรุจี|อุษณรศมัย
ดวงจันทร์,n,พระจันทร์|เดือน|แข|แถง|บุหลัน|โสม|สุมะ|พิธุ|วิธู|มาส|อินทุ|จันทรพิมพ์|จันทรมณฑล|ศศธร|ศศพินทุ์|ศศลักษณ์|ศศิ|ศศิน|ศศี|ศศิธร|ศศิมณฑล|ตโมหร|มนทกานติ|สีตลรัศมี|สิตางศุ์|โทษากร|นิศากร|นิศานาถ|นิศาบดี|นิศามณี|นิศารัตน์|รัชนีกร|ปักษธร|กัษษากร|ศิวเศขร
ดวงดาว,n,ชุติ|ดารา|ดารกะ|นักษัตร|ผกาย
ทิศเหนือ,n,ข้างตีน|อุดร|อุตดร|อุตรทิศ
ทิศใต้,n,ข้างหัวนอน|ทิกขิณทิศ|ทักขิณา|ทักษิณ|ทักษิณา|หัวนอน|อปาจี|อปาจีน|อวาจี
ทิศตะวันออก,n,ข้างออก|บุรพทิศ|บุรัตถิมทิศ|บุริมทิศ|บูรพาทิศ|ปราจีน|ปาจีน
ทิศตะวันตก,n,ข้างตก|ประจิม|ปรัศจิมทิศ|ปัจฉิมทิศ|ปัศจิมทิศ|ทิศอัสดงคต
ฤดูฝน,n,พรรษฤดู|วรรษา|วัสสะ|วัสสานฤดู|วัสสานะ
ฤดูหนาว,n,เดือนเย็น|ศิศีระ|ศีตกาล|หน้าหนาว|เหมันต์|เหมันตฤดู
แผ่นดิน,n,กษมา|ฉมา|ธรณิน|ธรณี|ธรา|ธราดล|ธริษตรี|ธเรษตรี|ธาตรี|ธาษตรี|ปฐวี|ปฐพี|ปัถพี|ปัถวี|พสุธา|พสุธาดล|พสุนธรา|พสุมดี|ภพ|ภูดล|ภูมิ|ภูวดล|มหิ|มหิดล|เมทนี|เมทินี|โลกธาตุ|วสุนทรา|หล้า|อจลา|อุรพี
ป่า,n,ชัฏ|ดง|เถื่อน|ป่าไม้|พง|พงพนา|พงพี|พงไพร|พนัส|พนา|พนาดร|พนาดอน|พนาลัย|พนาวัน|พนาเวศ|พนาสณฑ์|พนาสัณฑ์|ไพร|ไพรวัน|ไพรสณฑ์|ไพรสัณฑ์|ไพรสาณฑ์|วนา|วนาดร|วนาดอน|วนาลัย|วนาสณฑ์|วนาสัณฑ์|อรัญ|อรัญญิก
ภูเขา,n,คีรี|นคะ|บรรพต|พนม|ภู|ภูผา|ศิขริน|ศิขรี|ศิงขร|ศิงขริน|ศิงขรี|ไศล|สิขร|สิขรี|สิงขร
เมฆ,n,นภจร|ปโยธร|ปัชชุน|พลาหก|เมฆา|เมฆินทร์|เมฆี|วลาหก|วาริท|วาริธร|อัมพุท
ฝน,n,เผลียง|พรรษ|พลาหก|พิรุณ|วรรษ|วัสสะ|วุฐิ
ท้องฟ้า,n,คคนะ|คคนัมพร|คคนางค์|คคนานต์|ดาราบถ|ทิฆัมพร|ไทวะ|นภดล|นภมณฑล|นภา|นภาลัย|นักษัตรบถ|โพยม|โพยมัน|โพยมาน|ลางงิด|วยัมหะ|เวหน|เวหา|เวหาส|เวหายส|สรวง|สันรวง|สุรบถ|หาว|อัมพร|อากาศ
สวรรค์,n,กระยาหงัน|ไกพัล|ไกวัล|ไตรทิพย์|ไตรทศาลัย|เทวโลก|ไทวะ|เมืองฟ้า|เมืองแมน|เมืองอมร|ลางงิด|วยัมหะ|สรวง|สันรวง|สัค|สัคคะ|สุขาวดี|สุคติ|สุรบถ|สุรโลก|สุราลัย
นรก,n,ทุคติ|นรกานต์|ยมโลก
พระพุทธเจ้า,n,พระสัมมาสัมพุทธเจ้า|พระสัพพัญญู|พระโลกนาถ|พระสุคต|พระผู้มีพระภาคเจ้า|ชินศรี|พระสมณโคดม|พระศากยมุนี|พระธรรมราช|พระชินสีห์|พระทศญาณ|มารชิต|โลกชิต|พระทศพลญาณ|พระตถาคต|พระชินวร
เทวดา,n,เทพ|เทวินทร์|อมร|สุรารักษ์|แมน|เทว|เทวัญ|นิรชรา|เทวา|ไตรทศ|ปรวาณ|สุร
นางฟ้า,n,เทพธิดา|เทวี|นางสวรรค์|รัมภา|อัจฉรา|อัปสร|สุรางคนา|นิรชรา
พระพรหม,n,กมลาสน์|กัมลาศ|ครรไลหงส์|จตุรพักตร์|จัตุรพักตร์|ธาดา|ปรเมษฐ์|ประชานาถ|ปิตามหะ|พรหมธาดา|พรหมา|พรหมินทร์|พรหเมนทร์|พรหเมศวร|หงสรถ
พระอิศวร,n,ศิวะ|ศุลี|มหาเทพ|สยมภู|ภูเตศวร|จันทรเศขร|ศังกร
พระนารายณ์,n,วิษณุ|จักรปาณี|จักรี|ธราธร|ธราธาร
พระอินทร์,n,โกสีย์|โกสินทร์|เทพบดี|พันตา|พันเนตร|เพชรปาณี|เพชรายุธ|มฆวัน|มหินท์|มเหนทร์|มัฆวา|มัฆวาน|วชิรหัตถ์|วชิราวุธ|วัชรปาณี|วัชรินทร์|วัชรี|วัชเรนทร์|วาสพ|ศักรินทร์|ศักเรนทร์|สวรรคบดี|สหัสนัยน์|สหัสเนตร|สักกะ|สุชัมบดี|สุรบดี|สุรินทร์|สุเรนทร์|อมรบดี|อมรราช|อมรินทร์|อมเรนทร์|อมเรศ|อมเรศวร
ครุฑ,n,กาศยปิ|เวนไตย|สุบรรณ|ครุตมาน|สิตามัน|รักตปักษ์|เศวตโรหิต|สุวรรณกาย|คคเนศวร|ขเคศวร|นาคนาศนะ|สุเรนทรชิต|นาคานดก|นาคานตกะ|ปันนคนาสน์|วิษณุรถ
ยักษ์,n,ยักษา|ยักษี|ยักษิณี|ยักข์|ยักขินี|อสูร|อสุรา|อสุรี|อสุเรศ|กุมภัณฑ์|แทตย์|ทานพ|รากษส|ราพณ์|ราพณาสูร
นักบวช,n,มุนี|ฤษี|ฤๅษี|ดาบส|นักพรต|นักสิทธิ์|นิครนถ์|บรรพชิต|บาทหลวง|ปริพาชก|ภิกขุ|ภิกษุ|โยคี|หลวงจีน
นักปราชญ์,n,ธีระ|เธียร|บัณฑิต|ปราชญ์|ปัญญาชน|พหูสูต|เมธาวี|เมธี|วิญญู
ผู้เชี่ยวชาญ,n,กูรู|เซียน|ผู้รู้|ผู้สันทัดกรณี
เชี่ยวชาญ,adj,เก่ง|เก๋า|โกวิท|คร่ำหวอด|จัดเจน|ชาญ|ช่ำชอง|ชำนิ|ชำนิชำนาญ|ชำนาญ|ถนัด|สันทัด
ฉลาด,adj,โกวิท|โกศล|คมคาย|จินดาหรา|ฉลาดเฉลียว|เฉียบแหลม|ชาญฉลาด|ทันคน|ธีระ|เธียร|ประทักษ์|ประพิณ|ประวีณ|ปราดเปรื่อง|ปวีณ|พยัต|พฤทธ์|พิทูร|วิจักขณ์|วิจักษณ์|วิทูร|วิสารทะ|หลักแหลม|หัวดี|หัวไว|หัวแหลม|อัจฉริยะ
โง่,adj,กำเลา|กินแกลบกินรำ|กินหญ้า|ขี้เท่อ|เขลา|งั่ง|งี่เง่า|โง่เขลา|โง่งม|โง่เง่า|โง่เง่าเต่าตุ่น|เฉาโฉด|โฉด|โฉดเฉา|ซื่อบื้อ|เซ่อ|เซอะ|เซอะซะ|ทึบ|ทึ่ม|ปัญญาทึบ|ปัญญาอ่อน|ปัญญาอับ|มนท์|โมมูห์|โมมูหะ|สมองกลวง|สมองขี้เลื่อย|สมองทึบ|หัวขี้เลื่อย|หัวทึบ
ขี้เหนียว,adj,ขี้ตืด|ขี้หวง|งก|ตระหนี่|มัจฉระ|มัตสระ
ประหยัด,adj,กระเบียดกระเสียร|กระเหม็ดกระแหม่|เขม็ดแขม่|จำกัดจำเขี่ย|มัธยัสถ์|อดออม
ฟุ่มเฟือย,adj,ใจเติบ|ใจใหญ่ใจโต|ฟุ้งเฟ้อ|มือเติบ|สิ้นเปลือง|สุรุ่ยสุร่าย|หน้าใหญ่ใจโต|อีฉุยอีแฉก|อีลุ่ยฉุยแฉก|อีหลุยฉุยแฉก
เอื้อเฟื้อเผื่อแผ่,adj,ใจกว้าง|ใจดี|ใจบุญ|ใจป้ำ|มีน้ำใจ|อารี|อารีอารอบ|โอบอ้อมอารี
ช้าง,n,กุญชร|กรี|กริน|กริณี|กรินี|กิริณี|กิรินี|กรินทร์|กเรนทร|กเรนทร์|กเรณุ|กเรณุกา|คช|คชสาร|คชา|คชาชาติ|คชาธาร|คชินทร์|คเชนทร์|เจ่ง|ดำรี|ดำไร|ดมไร|ทันติน|ทันตี|ทนดี|ทวิป|นรการ|นาค|นาคี|นาคินทร์|นาเคนทร์|นาเคศ|นาเคศวร|พลาย|พัง|พารณ|พารณะ|พาฬ|มาตงค์|มาตังคะ|สาง|สาร|สินธุระ|สีดอ|หัตถี|หัตถินี|หัสดี|หัสดิน|ไอยรา
ม้า,n,ดุรงค์|ตุรงค์|พาชี|มโนมัย|สินธพ|แสะ|หัย|อัศวะ|อัสสะ|อัสดร|อาชา
วัว,n,โค|คาวี|งัว|พฤษภ|วฤษภ|ฤษภ|วสภะ|อุสภ|อุสุภ|พลิพัท|วัตสดร|มอ|ฉลู
ควาย,n,กาสร|กระบือ|มหิงส์|มหิงสา|มหิษ|ลุลาย
สิงโต,n,เกสรี|ไกรศร|ไกรศรี|ไกรสร|ไกรสรี|เจ้าป่า|พาฬ|ราชสีห์|สิงห์|สิงหราช|สีห์|สีหราช
เสือ,n,ขลา|ขาล|ตะโก|ทวีปี|พยัคฆ์|พยัคฆา|พยัคฆิน|พยัคฆี|พาฬ|ศารทูล|อชินี
ลิง,n,กบิล|กบี่|กบินทร์|กเบนทร์|กระบี่|กปิ|จ๋อ|พลีมุข|วอก|วานร|พานร|วานรินทร์|พานรินทร์|พานเรศ|มักฏะ|สวา|ชรโมล
นก,n,สกุณ|สกุณา|สกุณี|สกุนต์|ศกุน|ศกุนต์|ศกุนิ|ปักษิน|ปักษี|ปักษา|บุหรง|วิหค|วิหงค์|เวหังค์|สุโนก|สรุโนก|ทวิช|ทิชากร|ทวิชาชาติ
นกยูง,n,มยุระ|มยุรี|มยุรา|มยุเรศ|เมารี|โมรี
ปลา,n,มัจฉา|มัสยา|มัจฉาชาติ|มีน|ตรี|ตฤๅ|ปุถุโลม|ชลาศัย|อัมพุช|วาริช|วารีช|วารีชาติ|ชลจร|นีรจร
งู,n,โฆรวิส|เงี้ยว|ทีฆชาติ|เทียรฆชาติ|นาค|นาคา|นาคี|ผณิ|ผณิน|พาฬ|ภุชคะ|ภุชงค์|ภุชงคมะ|โภคิน|โภคี|วิษธร|สรีสฤบ|สัปปะ|อสรพิษ|อหิ|อาศิรพิษ|อาศิรวิษ|อาศีรพิษ|อาศีรวิษ|อุรคะ
หมู,n,จรุก|วราห์|วราหะ|ศูกร|สุกร
หมา,n,จอ|สุนัข|ศวา|ศวาน|สุวาน|โสณะ
แมว,n,ชมา|พิฬาร|มัชชาระ|วิฬาร|วิฬาร์|เหมียว
จระเข้,n,กุมภา|กุมภิล|กุมภีล์|ตะเข้|นักกะ|นักระ
เต่า,n,กริว|กัศยป|กูรมะ|จริว|จิตรจุล|ตริว|อันโด๊ก
ตะพาบ,n,กราว|กริว|จมูกหลอด|จราว|จริว|ตริว|ตะพาบน้ำ|ปลาฝา|อันโด๊ก
ดอกไม้,n,โกสุม|กุสุม|กุสุมา|กุสุมาลย์|บุษบา|บุษบง|บุษบัน|บุปผา|บุปผชาติ|บุหงา|ผกา|มาลย์|มาลา|มาลี|สุมาลี
บัว,n,กมล|กมลาศ|กมเลศ|กระมล|โกมล|จงกล|จงกลนี|ตาราไต|นิลุบล|นิโลตบล|นีรช|นีรชะ|บงกช|บุณฑริก|บุษกร|ปทุม|ปทุมา|ปัทม์|ปัทมา|สัตตบงกช|สัตตบรรณ|สโรชะ|สาโรช|วาริช|วารีช|อัมพุช|อุบล
หญ้า,n,เกลียง|ตฤณ|ตฤณชาติ|ติณ|ติณชาติ|ยาวัส|หริต
ต้นไม้,n,พฤกษ์|รุกข์|ตรุ|เฌอ|ทุม|ปาทป|บาทบ
ราชพฤกษ์,n,คูน|ลมแล้ง
กัลปพฤกษ์,n,กาลพฤกษ์|เปลือกขม
จั๋งไทย,n,จั๋งใต้
ขนุนปาน,n,ขนุนป่า
เมือง,n,ธานิน|ธานินทร์|ธานี|นคร|นครินทร์|นคเรศ|บุระ|บุรินทร์|บุรี|ปุระ|พารา
เมืองหลวง,n,กรุง|นครหลวง|พระนคร|ราชธานี
กษัตริย์,n,ขัตติยะ|บดี|บดินทร์|บพิตร|นฤบดี|ภูวไนย|ภูมินทร์|นฤบาล|นฤเบศร์|นฤบดี|นฤบดินทร์|บพิตร|พระเจ้าอยู่หัว|พระเจ้าแผ่นดิน|ในหลวง|พ่ออยู่หัว|เหนือหัว|ภูบดี|นรินทร์|นเรนทร์|นโรดม|นราธิป|ธเรศ|จักรพรรดิ์|ราชัน|ราชา|ราชาธิราช|ราช|ราเชนทร์|อดิศรภูวนาถ|ภูมิบาล|ภูบาล|ภูธเรศ|ภูนาถ|ภูนายก|ภูเนตุ|ภูบดินทร์|ภูเบศ|ธราธิบดี|ธราธิป|ธรณีศวร|ธรณิศ|ธรนิศร|ธรณิศวร์|นริศ|ธรณินทร์|อธิราช|อธิป|จักรี
หมอ,n,จีนแส|ซินแส|แพทย์|ภิษัช|ภิสัก|เวช|ไวทย์
โสเภณี,n,กะหรี่|คณิกา|นครโสภิณี|นครโสเภณี|นางกลางเมือง|นางโลม|แพศยา|เวศยา|เวสิ|เวสิยา|โสภิณี|หญิงขายบริการ|หญิงงามเมือง|หญิงนครโสภิณี|หญิงนครโสเภณี|หญิงหากิน|อีตัว
คน,n,ชน|นร|นรชาติ|นรา|นรากร|บุคคล|ผู้|มนุษย์|มรรตยะ|มรรตัย|มัจจะ|มัตตัย|มัตยะ|มานพ
ประชาชน,n,ชน|ชาวบ้าน|ชาวเมือง|ประชาชี|ประชาราษฎร์|ปั่ว|ฝุ่นเมือง|พลเมือง|พสก|พสกนิกร|ไพร่|ไพร่ฟ้า|มหาชน|ราษฎร|เลก
ศัตรู,n,ข้าศึก|ดัสกร|ปฏิปักษ์|ปรปักษ์|ปัจจามิตร|ปัจนึก|ไพรี|เวรี|ริปู|อริ
ผู้หญิง,n,กระลาพิม|กระลาศรี|กัญญา|กันย์|กันยา|กัลยา|กัลยาณี|กานดา|กามินี|แก้วตา|จอมขวัญ|จอมใจ|ฉัยยา|โฉมตรู|ไฉยา|ชารี|ดรุณี|ดวงสมร|ถี|ทรามเชย|ทรามวัย|ทรามสงวน|ทรามสวาท|นงคราญ|นงพะงา|นงพาล|นงพุธ|นงโพธ|นงเยาว์|นงราม|นงลักษณ์|นรี|นารี|นาเรศ|นิรมล|บังอร|พธู|พนิดา|พุ่มพวง|ภีรุ|มาณวิกา|มาตุคาม|มารศรี|ยุพดี|ยุพยง|ยุพเยาว์|ยุพเรศ|ยุพา|ยุพาน|ยุพาพาล|ยุพาพิน|ยุพิน|ยุวดี|เยาวพา|เยาวมาลย์|เยาวเรศ|เยาวลักษณ์|รมณี|ร้อยชั่ง|ลลนา|วธู|วนิดา|วรดนู|สตรี|สมร|สะคราญ|สายสมร|สุดา|อนงค์|อร|อรทัย|อรนุช|อังคณา|อิตถี|อิสตรี|อิสัตรี
เด็ก,n,พาล|ทารก|ดรุณ|กุมาร|ศิศุ
พ่อ,n,ชนก|เตี่ย|บิดร|บิดา|บิตุรงค์|บิตุเรศ|ป๋า|ปาปอหยีสังฆาตา|ปิตุ|สังคาตา
แม่,n,ชนนี|ชเนตตี|นนทลี|มาดา|มาตฤ|มาตา|มาตุ|มาตุรงค์|มาตุเรศ|มารดร|มารดา|เม|อัมพา
ปู่,n,ก๋ง|ปิตามหะ|อัยกะ|อัยกา
ย่า,n,อัยกี|อัยยิกา
ตา,n,ก๋ง|ขรัวตา|มาตามหะ|อัยกะ|อัยกา
ยาย,n,ขรัวยาย|มาตามหา|อัยกี|อัยยิกา
ภรรยา,n,เมีย|ภริยา|ฆรณี|ปัตนี|สนม|ชายา|ชาเยนทร์|ชาเยศ|มเหสี
สามี,n,ผัว|สวามี|ภัสดา|ภรรดร|ภรรดา
ลูก,n,บุตร|กูน|ดนุช|เอารส
ลูกชาย,n,บุตร|โอรส|ดนยะ|ดนัย
ลูกสาว,n,บุตรี|ธิดา|สุดา|ดนยา
น้องชาย,n,กนิษฐภาดา|อนุชา
เพื่อน,n,เกลอ|คนสนิท|คู่ซี้|คู่หู|มิตร|วยัสย์|สขะ|สขา|สขิ|สหาย|เสี่ยว
ใจ,n,กมล|กระมล|มโน|มน|แด|หทัย|หฤทัย|ฤทัย|ฤดี|จิต|ดวงใจ|หัวใจ
หัว,n,กบาล|กระบาล|พระเจ้า|มัตถกะ|มัสดก|มุทธา|มุรธา|มูรธา|ศิระ|ศิรามพุช|ศีรษะ|เศียร|สิระ|สิโรดม|สิโรตม์|สีสะ
ผม,n,เกศ|เกศธาตุ|เกศา|เกศี|เกส|เกสา|เกสี|ขนหัว|เผ้า|ศก|สก|เส้นพระเจ้า
เท้า,n,ตีน|บท|บทบงกช|บทมาลย์|บทเรศ|บทวเรศ|บทศรี|บทามพุช|บัวบาท|บาท|บาทบงกช|บาทา
ตา,n,จักขุ|จักษุ|ดวงตา|นยนะ|นยนา|นัยน์|นัยน์ตา|นัยน์เนตร|นัยนา|เนตร|ลูกตา
คิ้ว,n,ขนง|โขนง|เจิม|ภมุ|ภมุกะ|ภมุกา|ภรู|ภรูมณฑล
ปาก,n,มุลุต|ลปนะ|วทนะ|วัทน์|อานน|โอฐ|โอษฐ์
ฟัน,n,ทนต์|ทันต์|ฟาง|รท|รทนะ|กราม|เขี้ยว|ทาฐะ|ทาฒะ
ลิ้น,n,ชิวหา|มลิ้น|รสนา|อันด๊าก
ทองคำ,n,กนก|กัมพู|กาญจน์|กาญจนา|กำภู|คำ|จามีกร|จารุ|ชมพูนท|ชมพูนุท|ชัมพูนท|ชามพูนท|ชาตรูป|ตปนียะ|นพคุณ|มาศ|ไร|สิงคี|สุพรรณ|สุวรรณ|หาดก|หาตกะ|เหม|อุไร
เงิน,n,รชตะ|รัชดา|รัชฎา|ปรัก|หิรัญ|หิรัณย์
เพชร,n,มณิ|มณี|พัชร|พชระ|วิเชียร|วชิร|วชิระ|วัชระ
เรือ,n,ดารณี|ตูก|ตรณี|นาเวศ|นาวา|นาวี|เนา|เภตรา
ธง,n,เกตุ|ตุง|ธชะ|ธวัช|ธัช|ธุช|บรรดาก|ประดาก
หิน,n,กรวด|โขด|ถมอ|ปราษาณ|ปาษาณ|ปาสาณ|ผลา|ศิลา|สมอ|สิลา|เสลา
ขยะ,n,กระหยะ|กาก|กากขยาก|กุมฝอย|ของเสีย|คุมฝอย|เดน|มูลฝอย|สังการ|สิ่งปฏิกูล|หยากเยื่อ
แก่,adj,งอม|ชรา|เฒ่า|มีอายุ|สูงวัย|สูงอายุ|อาวุโส|หง่อม
กิน,v,เขมือบ|เจี๊ยะ|ฉัน|ซัด|โซ้ย|แดก|บริโภค|ฟาด|โภค|ยัด|รับประทาน|สวาปาม|เสพ|เสวย|หม่ำ|แอ้ม
นอน,v,งีบ|จำวัด|บรรทม|ประทม|ผทม|ไสยาสน์|เอนกาย|เอนตัว|เอนหลัง
ป่วย,v,เจ็บ|เจ็บไข้|เจ็บป่วย|ประชวร|ไม่สบาย|อาพาธ
ตาย,v,กระทำกาลกิริยา|กระทำกาละ|กลับบ้านเก่า|ขาดใจ|ชีวาลัย|ชีวิตักษัย|ซี้|ดับ|ดับขันธ์|ดับชีพ|ตักษัย|ถึงแก่กรรม|ถึงแก่พิราลัย|ถึงแก่มรณกรรม|ถึงแก่อนิจกรรม|ถึงแก่อสัญกรรม|ถึงชีพิตักษัย|ถึงซึ่งกาลกิริยา|ทิวงคต|ทำกาลกิริยา|ทำกาละ|เท่งทึง|นิคาลัย|ปรินิพพาน|ไปค้าถ่าน|พิราลัย|มรณภาพ|มรณะ|มลาย|ม้วย|ม้วยมอด|ม่องเท่ง|มอดม้วย|ล่วงลับ|ละสังขาร|ลาโลก|วางวาย|วายชนม์|วายชีวิต|วายปราณ|วายวาง|วายสังขาร|สวรรคต|สิ้น|สิ้นกรรม|สิ้นกรรมสิ้นเวร|สิ้นใจ|สิ้นชีพ|สิ้นชีพตักษัย|สิ้นชีวิต|สิ้นชื่อ|สิ้นบุญ|สิ้นพระชนม์|สิ้นลม|สิ้นลมปราณ|สิ้นเวร|สิ้นเวรสิ้นกรรม|สิ้นสังขาร|สิ้นอายุขัย|เสีย|เสียชีวิต|หมดกรรม|หมดกรรมหมดเวร|หมดบุญ|หมดลม|หมดเวร|หมดเวรหมดกรรม|อาสัญ
ฆ่า,v,เข่นฆ่า|คร่าชีวิต|ฆ่าแกง|ฆ่าฟัน|เด็ดหัว|ประหัต|ประหัตประหาร|ประหาร|ปลิดชีพ|ผลง|พิฆาต|มล้าง|วัชฌ์|วิฆาต|สังหาร|หตะ|อภิฆาต|เอาชีวิต
ทำลาย,v,กรุน|กวาดล้าง|กำจัด|ขจัด|ถอนต้นก่นราก|ถอนยวง|ถอนรากถอนโคน|พร่า|พัง|ผลาญ|มล้าง|ม้าง|ล้างผลาญ|หตะ|อภิฆาต
สงคราม,n,จำบัง|ฉุป|ณรงค์|ยุทธ์|ยุทธนา|รณรงค์|ศึก|สมร
สนามรบ,n,ยุทธภูมิ|รงค์|รณเกษตร|รณภู|รณภูมิ|รณรงค์|รณสถาน|สมรภูมิ|อชิระ
พยายาม,v,ทุ่มเท|บากบั่น|พากเพียร|เพียร|มานะ|มุ|มุมานะ|อุตส่าห์|อุตสาหะ
สร้าง,v,ก่อ|ทำ|นฤมิต|นิมิต|นิรมิต|เนรมิต|บพิธ|ประดิษฐ์|ผลิต|รังสรรค์|รังสฤษฏ์|สถาบก|สรรค์|สรรค์สร้าง|สร้างสรรค์
เกิด,v,กำเนิด|ชาตะ|ตกฟาก|ถือกำเนิด|ทรงพระราชสมภพ|ประสูติ|เสวยพระชาติ|สูนะ|อุบัติ
ไหว้,v,กราบ|คารวะ|คำนับ|ถวายบังคม|นอบนัอม|บูชา|ประณต|ประณม|วันทา|อัญชลี|อัญชุลี|ชุลี
ดู,v,จ้อง|ชม|ชระเมียง|ชะเง้อ|ชายตา|ชำเลือง|ทอดตา|ทอดพระเนตร|เพ่ง|มอง|เมิล|เมียง|ยล|แยงยล|เล็ง|แล
เดิน,v,กราย|คลาไคล|ไคลคลา|จรลี|เดินเหิน|เตร่|ทอดน่อง|บทจร|ผเดิน|ย่าง|ยาตร|ยาตรา|ยุรยาตร|เยื้องย่าง
ไป,v,ครรไล|คระไล|ไคล|จร|เต้า
แต่งงาน,v,วิวาห์|อาวาหะ|สมพงศ์|สมรส|อภิเษกสมรส
เศร้า,v,กำสรด|กำสรวล|คร่ำครวญ|ชอกช้ำ|ช้ำใจ|ช้ำชอก|มลาน|ร้องไห้|ระทด|ระทม|รันทด|เศร้าโศก|เศร้าหมอง|โศก|โศกศัลย์|โศกเศร้า|โศกสลด|โศกา|โศกี|สลด
โกรธ,v,กริ้ว|เกรี้ยวโกรธ|โกรธเกรี้ยว|โกรธขึ้ง|โกรธา|ขึ้งโกรธ|ขึ้งเคียด|เดือดดาล|พิโรธ|พื้นเสีย|โมโห
สวยงาม,adj,โกมล|งดงาม|งาม|แฉล้ม|ไฉไล|ตระการ|ประไพ|พริ้ง|พริ้งพราย|พริ้งเพรา|พริ้งเพริศ|พะงา|พิจิตร|ไพจิตร|มล่าวเมลา|รงรอง|รจิต|รังรอง|รังเรข|รุจิเรข|ลออ|วิจิตร|วิลาวัณย์|วิไล|สวย|สะคราญ|สิงคลิ้ง|สุทรรศน์|สุทัศน์|เสาวภา|เสาวลักษณ์|โสภณ|โสภา|โสภี|หาริ|อภิราม|อะเคื้อ|อันแถ้ง|อำไพ
รุ่งเรือง,adj,จรัส|จำรัส|ชวลิต|ชัชวาล|โชติช่วง|รุ่งโรจน์|รุจิ|รุจี
เลิศ,adj,เจ๋ง|บวร|ประเสริฐ|ล้ำเลิศ|วิศิษฏ์|วิเศษ|ยอด|ยอดเยี่ยม
ขี้เหร่,adj,ขี้ริ้ว|น่าเกลียด|น่ารังเกียจ|รูปชั่ว|อัปลักษณ์
เลว,adj,จังไร|จัญไร|ชั่ว|ชั่วช้า|ชั่วร้าย|ต่ำช้า|ทราม|แย่|ระยำ|ระยำตำบอน|เลวทราม|สาธารณ์|สามานย์|อัปมงคล|อัปรีย์
อาหาร,n,กับข้าว|ของกิน|เสบียง|จังหัน|นิตยภัต|บิณฑบาต|ผลาหาร|ภักขะ|ภักษา|ภักษาหาร|ภัตตาหาร|โภชนียะ|ขาทนียะ|ลฆุโภชน์|สมพล|สัมพล
เยี่ยว,n,กะชัง|ฉี่|บังคนเบา|ปัสสาวะ|มุตตะ|มูตร|เยี่ยว
เยี่ยว,v,เก็บดอกไม้|ฉี่|ชิ้งฉ่อง|เด็ดดอกไม้|ถ่ายเบา|ถ่ายปัสสาวะ|ปลดทุกข์|ปัสสาวะ|ยิงกระต่าย|ลงพระบังคนเบา
ขี้,n,กรีษ|กรีส|คูถ|บังคนหนัก|มูล|วัจจะ|อาจม|อึ|อุจจาระ|อุนจิ|พรรดึก|มลโค
ขี้,v,ถ่าย|ถ่ายท้อง|ถ่ายทุกข์|ถ่ายหนัก|ถ่ายอุจจาระ|ปลดทุกข์|ไปทุ่ง|ลงพระบังคนหนัก|อึ|อุจจาระ
คำพูด,n,ถ้อย|พจน์|พจนา|พากย์|พาท|วจนะ|วัจน์|วจี|วทนะ|วัทน์|วาจา|วาท|วาทะ
พูด,v,กระพอก|กล่าว|คุย|จรรจา|จา|จำนรรจ์|จำนรรจา|เจรจา|ดำรัส|ตรัส|บอก|ประภาษ|ปราศรัย|เปรย|ฝอย|พรอก|พร้อง|ภณะ|ภาษ|รับสั่ง|เล่า|วทะ|ว่า|เว้า|สนทนา|อื้น|เอิ้น|เอื้อน|เอ่ย|เอื้อนเอ่ย
ทวี,v,คูณ|เพิ่มพูน|พอกพูน
สี่,n,สองคู่|จตุ
ยี่สิบ,n,ซาว|พิศ|เพส|วีสะ
กกต.,n,คณะกรรมการการเลือกตั้ง
มหาวิทยาลัยขอนแก่น,n,มข.|มอดินแดง|มหาลัยขอนแก่น|ม.ขอนแก่น
จุฬาลงกรณ์มหาวิทยาลัย,n,จุฬา|จุฬาฯ|จุฬาลงกรณมหาวิทยาลัย
มกราคม,n,ม.ค.|มกรา
กุมภาพันธ์,n,ก.พ.|กุมภา
มีนาคม,n,มี.ค.|มีนา
เมษายน,n,เม.ย.|เมษา
พฤษภาคม,n,พ.ค.|พฤษภา
มิถุนายน,n,มิ.ย.|มิถุนา
กรกฎาคม,n,ก.ค.|กรกฎา
สิงหาคม,n,ส.ค.|สิงหา
กันยายน,n,ก.ย.|กันยา
ตุลาคม,n,ต.ค.|ตุลา
พฤศจิกายน,n,พ.ย.|พฤศจิกา
ธันวาคม,n,ธ.ค.|ธันวา
เวลา,n,กาล|คราว|ครั้ง|ครู่|เพลา|ยาม|หน
กลางคืน,n,รัชนี|รัตติ|รัตติกาล|ราตรี|นิศา|นิศากาล
กลางวัน,n,ทิวากร|ทิวากาล
วัน,n,ทิวา|ทิน|ทิพา|ทิวะ
เลือด,n,โลหิต|รุธิระ|รุเธียร|โรหิต
แดง,adj,ชาด|ประวาลวรรณ|มันปู|รุธิระ|รุเธียร|โรหิต|กษาย|มณีราค|โศณะ|หง
ขาว,adj,ชุณห|ชุษณะ|ซีด|ด่อน|เผือก|นวล|พบู|พิศุทธ์|วิศุทธ์|วิศุทธิ์|วิสุทธ์|วิสุทธิ์|ศุกล|ศุภร|เศวต|เศวตร|สกาว|สอ|อรชุน
ดำ,adj,กัณห|กาฬ|จะกรุน|จะกรูน|ทะมึน|นิล|ศยาม|ศยามล|สามะ|สามล|อสิตะ
ใหญ่,adj,กว้าง|มหันต์|มหา|มหึมา|พิบูล|ไพศาล|มโหฬาร
อ้วน,adj,อ้วนจ้ำม่ำ|อวบอ้วน|อ้วนท้วน|อ้วนพี|จ้ำม่ำ|ท้วม|เจ้าเนื้อ|อวบ|อวบอั๋น|อวบอัด
ผอม,adj,ซูบ|ผอมบาง|ซูบผอม|ผ่ายผอม|ผอมโซ|ซูบซีด
อร่อย,adj,กระป่ำ|กระเอบ|แซบ|ถูกปาก|นัว|รสดี|รสเด็ด|เลิศรส|สาทุ|เสาวรส|เอมโอช|เอร็ดอร่อย|โอชะ|โอชา
เสือก,v,จุ้น|จุ้นจ้าน|เจ๋อ|เจ๋อเจ๊อะ|ละลาบละล้วง|สอดรู้|สอดรู้สอดเห็น|สะเหล่อ|สะเออะ|สาระแน|สู่รู้|เสนอหน้า|เสือกกะโหลก|แส่|ยื่นจมูก
ผล,n,ผลลัพธ์|ผลผลิต|ผลงาน|สัมฤทธิผล|ความสำเร็จ|ผลพวง|ผลสืบเนื่อง|ผลกระทบ|ผลตอบแทน|ผลประโยชน์|กำไร|รายได้|ดอกผล|อานิสงส์|วิบาก|มรรคผล|คุณ|คุณูปการ|คุณประโยชน์|ผลสะท้อน|ผลแห่งกรรม|ผลตามมา|ผลเกิด|ผลสำเร็จ|ดอกผล|ลูกไม้|พฤกษผล|ผลไม้
มัน,pron,แก|เขา|หล่อน|ตัวมัน|สิ่งนั้น
เหลือ,v,เกิน|ค้าง|คงเหลือ|ตกค้าง|เกินเลย|ส่วนเกิน
กำ,v,ถือ|คว้า|จับ|ยึด|รวบ|กำมือ
กำหนด,v,ระบุ|บัญญัติ|ลิขิต|วางไว้|ขีดไว้|ตั้งไว้|วางกฎ|ลิขิตไว้
เกี่ยว,v,พัว|ข้อง|ติด|พาด|เนื่อง|โยง|พ่วง|เชื่อมโยง|พัวพัน|เกี่ยวข้อง|เนื่องด้วย|เกาะเกี่ยว
ไม่,adv,มิ|บ่|ไป่|เปล่า|ห่อน|บมิ|หาไม่|ห่อนมี|บ่มี|ใช่ว่า|มิแม้น|หามิได้|มิได้|บ่ได้|ไป่ได้|มิเคย|บ่เคย
ใน,prep,ภายใน|ข้างใน
นี้,pron,นี่|ตรงนี้|ที่นี้
อยู่,v,คา|ดำรง|พำนัก|อาศัย|คงอยู่|ดำรงอยู่|ตั้งอยู่|พักอยู่|ค้างอยู่
สอง,num,คู่|ยี่|ทวิ|คู่กัน|ทั้งคู่
มัก,adv,ชอบ|โน้ม|นิยม|เคย|บ่อย
พึ่ง,v,อิง|พิง|อาศัย|เกาะ|พักพิง|พึ่งพา|อิงอาศัย|ฝากตัว
แต่,conj,ทว่า|กระนั้น|แต่ว่า|หากแต่
กาย,n,ร่าง|ตน|สรีระ|เรือนร่าง|ร่างกาย|ตัว|สังขาร|รูปกาย
ตน,pron,ตัว|กาย|ตัวเอง|ตนเอง|อัตตา
คิด,v,นึก|ตรึก|ครุ่น|ไตร่|ดำริ|ตรอง|พิจารณา|ครุ่นคิด|ไตร่ตรอง|ขบคิด|ตริตรอง|คำนึง
เห็น,v,มอง|พบ|เจอ|ยล|ทัศนา|ประจักษ์|มองเห็น|แจ้งใจ|สังเกต
เตือน,v,เตือนใจ|เตือนสติ|เตือนความจำ|บอก|กำชับ|สั่งสอน|ทักท้วง|ท้วงติง|ตักเตือน|แจ้ง|แจ้งเตือน|ห้าม|สะกิด|ดักคอ|ขู่|ปราม|สำทับ|จี้|ย้ำเตือน|เน้น|กล่าวเตือน|ออกตัวเตือน|พร่ำเตือน
เรื่อย,adj,เนืองนิตย์|สม่ำเสมอ|ติดต่อ|นิรันดร์|ต่อเนื่อง|ประดัง|เนิบนาบ|เอื่อย|เฉื่อยชา|ละมุนละไม|เลื่อนไหล|เนื่อง|เรื่อยเฉื่อย|ไหลเลื่อน
เฉื่อย,adj,เนิบนาบ|เชื่องช้า|อืดอาด|เอื่อยเฉื่อย|ยืดยาด|ถ่วง|เฉื่อยชา|เกียจคร้าน|เฉยเมย|เนือย|ละเลย|นิ่งนอน|อืด|นิ่งสนิท
เคียว,n,จันทร์เสี้ยว|ขอ|เครื่องมือเกี่ยว|งอ|ศาสตรา|อาวุธ|มีด|เสี้ยว|กริช
ใบ,n,พฤกษาพรรณ|ผกา|พุ่ม|กิ่งก้าน|ปราง|อัน|ชิ้น|ดวง|ลูก|หน่วย
เฉี่ยว,v,เฉียด|ถาก|กราย|โฉบเฉี่ยว|ปราดเปรียว|โฉบ|ปาด|ถากถาง|ต้อง|กวัดแกว่ง|ปราดเปรียว|คมคาย|โดดเด่น|พิศมัย|ฉวย|ตะปบ
กังหัน,n,จักรหมุน|วงล้อ|ใบพัด|กง|ใบตองพัด|เครื่องกำเนิดไฟฟ้า|ระหัด|กังหันน้ำ|กังหันลม|จักรพรรดิ|นาฬิกาชีวิต
หัน,v,ผิน|เบน|บ่าย|เหลียว|หมุน|พลิก|เปลี่ยน|หันเห|โอน|เฉียง|ปิ่น|คล้อย
ใบข้าว,n,เรียวใบ|ปลายเรียว|ใบเขียว|เขียวขจี|แผ่นใบ|รวงใบ|กาบใบ|แผ่นใบ|ใบธง|ใบแก่|ใบอ่อน
น้าว,v,เหนี่ยว|ดึง|รั้ง|ฉุด|กระชาก|ดึงดูด|โน้ม|โอน|ก้ม|น้อม|เอน|เหนี่ยวนำ|ฉุดรั้ง|โน้มเอียง
ระหัด,n,เครื่องวิดน้ำ|กังหันน้ำ|ระหัดฉุด|เครื่องกวิดน้ำ|วิดวารี|สูบน้ำ|รางวิด|วิด|ตัก|สูบ|ชัก|ฉุด
นบ,v,กราบ|ไหว้|วันทา|อัญชลี|นมัสการ|ประนม|ก้ม|คารวะ|บูชา|สักการะ|ภักดี|น้อม|วันทนา|นอบน้อม|นมาส|ศิโรราบ
ขัง,v,กัก|กักบริเวณ|กุม|คุม|จำ|จอง|กักด่าน|ล้อม|คุมขัง|คุมตัว|จองจำ|จำกัด|ผนึก|พันธนา|อาศรม|นิโรธ|พันธ
ระลอก,n,คลื่น|กระเพื่อม|ลอน|ริ้ว|เกลียว|ระลอกคลื่น|ฟอง|ห้วง|ชั้น|สาย|ชุด|ระลอกกาลคลื่นกระเพื่อม|พรายน้ำ|ละออง
นอง,v,ท่วม|เจิ่ง|เอ่อ|ขัง|ท้น|เปรอะ|ล้น|หลั่ง|อาบ|พรั่ง|ไหล|ซึม|นองเนือง|ชลนอง|ฉ่ำ|ดาษ
ใส,adj,กระจ่าง|โปร่ง|บริสุทธิ์|สะอาด|แวววาว|กระจ่างตา|ปลอดโปร่ง|ชัด|แจ่มแจ้ง|กระจ่างแจ้ง|ตรง|เปิดเผย|สว่าง|กระจ่างใจ|ผ่อง|ผุดผ่อง|สุกใส|แวว|ผ่องแผ้ว|กระจ่างรุ่ง
ร่ม,n,กลด|ฉัตร|จ้อง|เครื่องกำบัง|เครื่องกั้น|ร่มเย็น|ร่มรื่น|ปกคลุม|คลี่|กาง|บัง|ร่มเงา|ร่มไม้|ร่มโพธิ์|ร่มไทร|ชายคา|ความเย็น
บัง,v,กั้น|ปิด|กาง|คลุม|พราง|ปิดกั้น|สกัด|บดบัง|กำบัง|บด|กางกั้น|ซ่อน|เร้น|อาศัย|ม่าน|ปราการ|เกราะ
แพง,adj,ราคาสูง|ราคาแพง|มูลค่าสูง|สูงค่า|ราคาสูงลิ่ว|สิ้นเปลือง|ฟุ่มเฟือย|หวง|รัก|แหน|ถนอม|โปรด|สุดที่รัก|เทิดทูน|สูงส่ง|ล้ำค่า|หาได้ยาก|เลอค่า|ประเมินค่าไม่ได้|สมราคา
พวย,v,พุ่ง|ฉีด|พ่น|พลุ่ง|ทะลัก|พวยพุ่ง|พ่นออก|ไหลหลาก|ปาก|ช่อง|ท่อ|รู|ลำ|สาย|ทาง|ละออง|ธาร
หยั่ง,v,วัด|คำนวณ|สำรวจ|ตรวจ|หยั่งลง|จุ่ม|ดิ่ง|หยั่งหา|รู้|คาด|หยั่งรู้|หยั่งเห็น|วิเคราะห์|เข้าใจ|สัมผัส|หยั่งลึก|พิเคราะห์|สืบ
สัน,n,แนว|สันปันน้ำ|คม|ขอบ|โหนก|คัน|ลอน|สันนูน|ยอด|แกน|โครง|เหลี่ยม|ทิว|เทือก|สันฐาน|สันหลัง|เส้น|แถว|ระแหง|เหลี่ยมมุม|ฐาน
วา,n,ช่วง|มาตรา|ระยะ|ศอก|วจี|วาจา|พจน์|ถ้อย|คำ|โวหาร|สาร|ปราชญ์|ภาษา|วจน|วาที|พจนา
ย่ำ,v,ก้าว|เหยียบ|เดิน|ย่าง|ย่างก้าว|ดำเนิน|ทัศนาจร|ย่ำเท้า|เหยียบย่ำ|กระทืบ|บด|ทับ|ขยี้|เหยียบย่ำใจ|ย่ำยี|ตอกย้ำ|ซ้ำ|ย่ำค่ำ|ย่ำราตรี|เวียน
ตาม,v,ติดตาม|ไล่|ไล่กวด|ดำเนินตาม|สืบ|ติดตามตัว|คล้อยตาม|จี้|เห็นพ้อง|สอดคล้อง|คล้อย|อนุโลม|ยึด|ประพฤติตาม|จำนน|อนุวัติ|ดำเนินรอย|สืบเนื่อง|เงา|ดุจ|น้อม
ชื่น,adj,เปรม|ปรีดา|สุข|อภิรมย์|เกษม|สมใจ|เบิกบาน|ปลื้ม|ฉ่ำ|สด|โปร่ง|รื่น|แจ่ม|ฟื้น|แช่ม|สบาย|อิ่มเอม|รื่นรมย์|โสมนัส|แช่มชื่น|ปีติ|สราญ
เนื้อ,n,มังสะ|ก้อน|กาย|มังสา|ชิ้น|เนื้อตัว|สาระ|แก่น|เนื้อความ|สารัตถะ|เนื้อหา|ประเด็น|เนื้องาน|นวล|ผิว|ละมุน
เสื้อ,n,อาภรณ์|พัสตราภรณ์|ภูษา|เครื่องนุ่งห่ม|ฉลององค์|พัสตร์|เครื่องแต่งตัว|เสื้อผ้า|เครื่องแต่งกาย|อาสน์|ชุด|เครื่องบน|พัสตร|อาภรณ์กาย|ภูษาสวม|วิภรณ์|เครื่องห่ม
ผ้า,n,พัสตร์|ภูษา|พัสตราภรณ์|ผืน|สิ่งทอ|อาภรณ์|ผ้าทอ|ใย|ด้าย|ไหม|ฝ้าย|ลินิน|ผ้าเนื้อดี|พัสตรา|ภูษามาศ|พัตราภรณ์|กัมพล|แพร|สาหร่าย|วิภรณ์
กลีบ,n,แฉก|ซีก|แผ่น|ใบ|ชั้น|ปีก|รอยแยก|เสี้ยว|ชิ้น|แผ่นบาง|รอยพับ|เกสร|ช่อ|กรอง|ดวง|พรรณ|มาลี|ผกา|บุษบา|โกสุม
ผี,n,วิญญาณ|ดวงวิญญาณ|อสุรกาย|อมนุษย์|ภูต|ปีศาจ|เปรต|สัมภเวสี|ปิศาจ|ทิพย|อารักษ์|เจ้าที่|ผีสาง|นางไม้|กุมภัณฑ์|เวตาล|ทิพยวิญญาณ|จอมปิศาจ|ภูติ|อสูร|พราย|พรายน้ำ
โสน,n,ผกาเหลือง|บุษบงเหลือง|มาลีสีทอง|พฤกษาน้ำ|ปทุมทอง|บุปผาสีจำปา|แสงทอง|ดวงเหลือง|พรรณไม้ริมน้ำ|ทองดอก|สุวรรณบุปผา
ราย,n,แถว|แนว|พราย|กระจาย|เรียง|เว้น|คน|ตัว|ประดา|หน่วย|อัน|จำแนก|สดับ|ลำดับ|ฉบับ
โสนราย,n,ผกาทอง|เรียงเคียง|ทอดแนว|สลับสี|แถวระย้า|เรียงราย|ทอดสลับ|มาลีสีเหลือง|บุษบงเหลือง|ทองริมน้ำ|สุวรรณบุปผา|พฤกษาน้ำ|ทองสลับลำน้ำ|สายสลับทอง|บุปผาเรียง|พรรณไม้ริมชล
นา,n,เกษตร|กสิกรรม|ท้องนา|ทุ่ง|เขตเพาะปลูก|ไร่นา|พื้นที่เพาะปลูก|ธรณี|ปฐพี|ภพ|ภาค|พื้นดิน|พื้นราบ|ถิ่น|เกษตรเขต|ท้องทุ่ง|พสุธา|แดนไถ|ทุ่งรวงทอง|เกษตรสถาน
ปลิว,v,ว่อน|ลอย|สะบัด|ละลิ่ว|พัด|ฟุ้ง|ไหว|โผ|เหิน|ระเหย|กระเด็น|หลุดลอย|เฉี่ยว|โลด|ล่อง|ลอยละล่อง|โชย|ปลิวไสว|ตลบ
ว่าย,v,แหวก|ลอย|ดำ|ผุด|โลด|โต้|ล่อง|วน|เลื้อย|กระดิก|ตะเกียกตะกาย|ตีน้ำ|พริ้ว|วารีลีลา|แหวกว่าย|ธารล่อง|นทีจร|สัญจรชล|ร่อน
ฟ้า,n,นภา|นภดล|เวหา|อัมพร|คคนางค์|ทิฆัมพร|หาว|โพยม|เวหาส|สวรรค์|สรวง|นภาลัย|ชั้นฟ้า|เบื้องบน|นภากาศ|อัมพรา|อากาศ|ดารกะ|รัชชะ|อมรสถาน
ฟ่อง,v,ฟู|พอง|ฟูฟ่อง|พองโต|โปร่ง|พองลม|ฟุ้ง|ละออง|ฟุ้งกระจาย|ฟุ้งเฟื่อง|โชย|กระจาย|แผ่|ฟูเฟื่อง|ระยับ|ตลบ|ลอยละล่อง|พร่าง
ทอง,n,สุวรรณ|มาศ|กาญจน์|หิรัญ|สิขี|ชาติตระกูล|สุพรรณ|อร่าม|เหลืองอร่าม|สุกปลั่ง|อำพัน|แสงทอง|รัศมี|สุวรรณพรรณ|กาญจนา|พรรณราย|สุวรรณมาศ|รัตนมณี|เหลืองละออ
ผีเสื้อ,n,มาลีบิน|แมลงภู่|แมลงปอ|แมลงปีกสวย|ภมร|ปีกบาง|บุษบงร่อน|ปีกระยับ|ผกาโผ|ร่อนเริง|ร่อนลม|แมลงแสนสวย|พรรณราย|ผกาลอย|ปีกสลับสี|ร่ายรำลม|นภาลีลา
แพงพวย,n,บุษบาหลากสี|มาลีห้ากลีบ|พรรณไม้พื้นถิ่น|ผกาแก้ว|มวลบุปผา|พฤกษาทนแดด|ไม้ดอกริมทาง|พรรณไม้น้ำ|สุวรรณบุปผา|พรรณไม้จิ๋ว
ทำนบ,n,เขื่อน|คัน|คันกั้นน้ำ|ฝาย|ทำนบดิน|กำแพงน้ำ|แนวกั้นชล|สันเขื่อน|แนวคัน|ชลมารคกั้น|ปราการน้ำ|ขอบน้ำ|เครื่องกั้น|แนวกั้น|สันนูน|ธรณีกั้น|คันดิน
ระเรื่อย,adj,ค่อยเคลื่อน|เลื่อนไหล|ล่องไหล|ระย้า|เคลื่อนคล้อย|ทยอย|ลอยละล่อง|ลาม|ทอด|ระนาบ|สืบ|แผ่|ลัดเลาะ|เรื่อยเปื่อย|ลอยเรื่อย|ทอดทิว|เฉื่อย|ล่องลอย|ระริน|รวยริน|ละมุนละไม
ความรู้,n,ปัญญา|ศาสตร์|วิทยา|อักษร|การเรียนรู้|สติปัญญา|ธรรมชาติ|สัจธรรม|วิชา|ความเข้าใจ|ความสำนึก|ปัญญาวัตร|เมธา|บุทธิ|ญาณะ|ญาณ|ปราชญ์|ความสติ|ความคิด|ความเห็น|ความรู้สึก|สารัญญ|ปัญญาณ|พระปัญญา|วิจักษณ์
เรื่อง,n,เรื่องราว|กรรม|การณ์|สัมภวะ|ปัญหา|หัวข้อ|วิษย|อุปวรรคต์|กิจการ|สิ่งที่เกิด|เหตุการณ์|วาทะ|ประเด็น|เนื้อหา|ลักษณะ|สภาวะ|ข้อความ|บัญหา|เนื้อเรื่อง|ธรรมเข่าว|นิทาน|อรรถา|ประกาศณ์|สำนัก|สูตร
กลอน,n,บทกลอน|ฉันท์|ฉันทลักษณ์|วรรค|บท|ชำเพื่อ|คำประพันธ์|ข้าหลวง|งานสิ่งแต่ง|บทบัญญัติ|บทวรรค์|บทละครโขน|กวีกรรม|นิพนธ์|ศิลปกรรม|ศิลป์|วรรคลักษณ์|บทประพันธ์|คำฉันท์|ข้อคำ|โคลง|ราชาริยะ|กาพย์|เก้า|ลิขิต|สุภาษิต
ไทย,adj,สยาม|ประเทศไทย|ผู้ชาวไทย|ไทยศึกษา|เป็นไทย|ความเป็นไทย|ฝ่ายเมืองไทย|บ้านเกิด|ดินแดน|ท้องถิ่น|ประเทศ|ชาติ|สัญชาติ|ผืนแผ่นดิน|ราชอาณาจักร|พระราชอาณาจักร|เชื้อสาย|วรรค|หมู่เหล่า|กลุ่มชาติ
รุ่น,n,ลำดับ|ชั้น|อายุ|คณะ|แบบ|ประเภท|พยุหะ|ปุษ|รุ่นแรก|ร่วมสมัย|ไตรมาส|ประมาณ|ยุค|สมัย|ศรัทธา|ศรัทธ์|ข้างเคียง|ข้าง|บรรยมเพศ|ที่พำนักร|ลูกศิษย์
หลัง,adv,เบื้องหลัง|ด้านหลัง|ตอนหลัง|คราวหลัง|หลังจาก|ก่อนหลัง|เวลาหลัง|ส่วนท้าย|ท้ายบท|รอยทะลี|ขาดทาง|เส้นท้าย|ลักษณ์ท้ายบท|หน้าหลัง|แล้วหลัง|ทีหลัง|สมัยหลัง|ยุคหลัง
ตั้งใจ,v,ตั้งสติ|มุ่งมั่น|ยึดมั่น|เอาใจใส่|อุทิศ|จริงจัง|ลงมติ|ตกลงใจ|สัญญา|ปรารถนา|ปณิธาน|ความเจตนา|จิตปณิธาน|เจตคติ|ความประสงค์|ความปราถนา|เพ็ชพร|เม็ดน้อย|จำเพาะ|กำหนดใจ|สนใจ|ใจช้ำ|ลงทะเบียน
ตำนาน,n,นิทาน|เรื่องเก่า|อดีต|วรรณคดี|นิธาน|ลัทธิ|มโนธรรม|เล่าขาน|ธรรมเข่าว|สำนักเล่า|สืบสันตะติ|อิติหาส|วิมาน|ชาดก|ปัตตาน|ว่าน|วรรค|ตลาด|ปูชนีย|มีมัย|มีทรัพย์|มีขีดจำกัด|หลักสืบ|ประวัติศาสตร์
หวาน,adj,มิษ|ขมิ้น|รสชาติ|หนึ่งในหกรส|สิ้นสน|อ่อม|นิยม|โปรด|เป็นที่รัก|หนักแน่น|อันแถ้ง|ชื่นใจ|ปลื้มปีติ|ฉ่ำ|นุ่ม|เรียบร้อย|มนต์ขลัง|มีเสน่ห์|ดึงดูด|น่ารัก|น่าเสน่ห์|ยิ้มแย้ม|หวานหวน|หวานชื่น|โลหิตสวาท
เคียง,v,ประคองไว้|ถือ|คบ|เพื่อน|สหาย|ร่วม|ไป|ตามมา|ตรงกัน|คู่กัน|เทียบ|เสมอ|ยืดยาด|พยักพยิง|เคียงบ่า|ไปด้วยกัน|ผู้ร่วมทาง|ผู้ตรงกัน|ผู้คล้อย|ร่วมสถาบัน|เคียงไหล่|คล้อยตาม|คล้อยไป
ชีวา,n,ชีวิต|ชีพ|ธรรมชาติ|สัตว์|มนุษย์|วัตถุ|สิ่งมีชีวิต|ประวัติ|ประสบการณ์|วิถีชีวิต|อายุขัย|พฤติกรรม|จิตใจ|ญาณ|สัญญา|เจตนา|ความมี|สถานีย์|สถิติ|ต่างขา|ญาติ|มิตร|มนุษยธรรม
กลิ่น,n,หอม|ดับ|ลีลา|สายลม|เสน่ห์|รสชาติ|ความหอม|ประสิทธิ์|ฤทธิ์|บุญ|สุขุม|สัตว์|เมธา|คุณค่า|ศักยภาพ|ชื่อเสียง|เกียรติ|อรรถ|สิงคะ|ความมี
ไอ,n,ควัน|ลมหายใจ|ไอน้ำ|ไอเสีย|ความเปียก|ความมัว|ดำเนิน|ความอ่อน|ราคา|คุณค่า|ก๊าซ|อากาศ|ลมปราณ|สายลม|หมอก|มัว|เมฆาน|ความเป็นไป
สะแก,v,โพ้น|พัด|กระจาย|โผ|หวิว|ดิ่ง|โหวง|ยื่น|ถอน|ยืดตัว|กาง|ปลดเซ|ปลายเขา|กระเด็น|ปลิวแผ่|หนี|พ่น|ฉีด|ปาดออก
ค้อม,v,โค้ง|งุ้ม|ก้ม|หนี|ซ่อน|ป้องกัน|ดูแล|รักษา|เก็บ|กำบัง|บดบัง|พินิจ|รับ|ยอมรับ|ยอมแพ้|โค้งยอมรับ|เค้น|คำนำ|ยืนเชิง
กิ่ง,n,กิ่งไม้|ก้าน|ลำต้น|สาขา|แขนง|ส่วนหนึ่ง|กอง|ชุด|ที่อยู่|ลำต้นเล็ก|กระบองไม้|ก้านดอก|ใจกลาง|โคนไม้|ปลายกิ่ง|แบ่งออก|ลำนำ|สายบ้าน|ระดับ|บาท
เป่า,v,ปาดอากาศ|พัด|บดบัง|มุดลง|หายไป|กลาย|ปราง|สั่น|ฟู|พองลม|ปลิว|ระเหย|ร่วม|ไม่เสถียร|ทำให้เคลื่อน|ปลิวไสว|ย้ายไป|ยุบ|สิ้นไป|ไร้เสถียรภาพ
ไม้,n,ต้นไม้|พฤกษ์|รุกข์|อุ้งไม้|ลำต้น|ก้านไม้|วัสดุ|อุปกรณ์|เครื่องมือ|เหล้า|บ้าน|มิ่ง|คาม|ตั่ง|ไม้ท่อน|เถาวัลย์|ลูกไม้|อย่างไม้|พิกัด
ขับ,v,ผลักดัน|ส่ง|นำออก|ขนส่ง|บังคับ|ลื่นออก|ไล่ออก|ช่วย|ให้แรง|นำพา|ดำเนิน|เคลื่อนไป|ขนย้าย|ยับ|บีบ|ผลัก|คุกคาม|อนุญาต|ยินยอม|ปลดปล่อย
ลำนำ,v,นำเสนอ|นำหน้า|นำทาง|อำนวย|ชำนำ|สนับสนุน|ชี้ทาง|นำมา|นำไป|กำหนดทิศ|เป็นผู้นำ|บุกเบิก|เปิดทาง|ทำให้ไป|ส่งตัว|จัดการ|ลำเลียง|บอก|แนะแนว|นำทาง
ดอก,n,บุปผา|กลีบ|ปลายเขา|ศิลสัณฐาน|รูปแบบ|สูตร|พรรณ|มาลี|บลิ|กลีบบุปผา|ความสวย|รูป|สัญลักษณ์|เป้า|จุด|ทีละ|เหมือน|สัญญา|หัวใจ|พิลาส
ระบำ,n,การเต้น|ลีลา|ศิลปะ|นาฏศิลป์|เรียว|สวาท|พริ้วไหว|พลิกตัว|ร่ายรำ|จังหวะ|เพลง|ท่าทาง|กิจกรรม|ความอ่อน|เกียว|ถ้อม|โชยเต้น
บน,prep,เหนือ|ส่วนบน|ด้านบน|ภาคเหนือ|ที่สูง|เบื้องบน|ชั้นบน|ตัวบน|พื้นผิว|ที่ยอด|ปลายสูง|ส่วนท้ายบน|เหนือ|ยิ่งกว่า|สูงกว่า|ด้านบนของ|บริเวณบน|หน้าบน|ชั้นเหนือ|เก้าห้อง
ลาน,n,พื้นที่|สนาม|ลาดชัน|ที่ว่าง|บริเวณ|สถาน|ตลาด|เขตพื้นดิน|พื้นเรียบ|โล่ง|ลานกว้าง|ลานนอก|สนามหญ้า|ที่โล่ง|ลาดนอน|ลานลี้ลับ|ปูรพ์|ท้องที่|พื้นราบ|พื้นสนาม
ปลายนา,n,ปลายไร่|ปลายแปลง|ผืนนา|พื้นที่นา|ส่วนท้ายของนา|ปลายสุด|ท้ายนา|โรงนา|เขตนา|พื้นที่เพาะปลูก|ทุ่งนา|ไร่นา|ท้องนา|ลานนา|นาแปลง|สนามนา|แปลงนา|กลุ่มนา|นาด้าน|นาข้าง|หน้านา|นาข้างหน้า|นาแถบ|ริมนา|ส่วนปลาย|ท้ายไร่|ขอบนา|ขอบไร่|หนองนา|บึง|ที่สุด|ปลายเกาะ|ระยะไกล|ห่างไกล|ตำบลนา|บ้านไร่|สัมพันธ์นา|ท้องนาข้าง
เจียว,v,กระทืบ|ตัน|ตึง|แข็ง|มั่น|ยึด|ติด|ปึกแผ่น|แข็งแรง|ติดแน่น|มิดชิด|ตรึงแน่น|ตึงเครียด|ตึงตัน|เคร่งครัด|เครียด|ถูกต้อง|สมควร|ลงลึก|เจิมกัน
อก,n,ทรวงอก|ลำตัว|หัวใจ|ซี่โครง|บุคลิกภาพ|ความรู้สึก|ตัวตน|ความมั่นใจ|ความกล้า|เอกภาพ|ตัวตนจริง|สรรพาคม|เนื้อหา|จิตใจ|สิ่งเก็บไว้|ความคิด|ความปรารถนา|ใจกลาง|ตัวแทน|สัญลักษณ์
แอบ,adv,ลับๆ|ลึกลับ|ซ่อน|นิยม|เร้น|ลึกซึ้ง|ไม่เปิดเผย|ความลับ|มนต์ขลัง|ความตั้งใจ|ใจที่ซ่อน|โดยสุขุม|โดยปกปิด|โดยราบ|แยบยล|อีกด้านหนึ่ง|ว่าแต่|ต่างหาก|มืดมิด|หลายทาง
อุ่น,adj,ร้อน|สดชื่น|อบอวล|อบอุ่น|ความอุ่น|ความสบาย|ความรัก|ความสนิทสนม|ความเป็นกันเอง|หนาแน่น|ปลอดโปร่ง|มีเสน่ห์|มีอุณหภูมิ|เข้าท่า|สุขุม|มีชีวิตชีวา|นุ่มนวล|เมตตา|กรุณา|เป็นกันเอง
หนุน,v,ค้ำ|รับ|ยึด|รองรับ|ยืน|พยุง|ค้ำไว้|ดำเนิน|บำรุง|สนับสนุน|ยก|ยกให้|ช่วยเหลือ|รักษา|ถูก|ฝึก|ลงแรง|แบก|บรรทม
กลุ่ม,n,ชุด|หมู่|คณะ|พวก|เหล่า|ฝ่าย|สมาชิก|หมวด|แบ่ง|ประเภท|ลักษณ์|องค์กร|สมาพันธ์|สมาคม|ตัวแทน|ภาคี|พันธมิตร|มูลนิธิ|สถาบัน|หน่วยงาน
วาว,v,แวววาว|พองลม|บวม|โตขึ้น|กว้างขวาง|ลานออก|ปลิวไสว|โปรดปราน|ฟูฟัก|กระสับกระส่าย|พลัง|เปล่งปลั่ง|เบิก|บวก|โปรดเปรียว|อาจ|พริ้ว|คึก|แวววับ
วง,n,วงกลม|วงแหวน|วงจร|วงศ์|วงการ|กฎ|ขอบเขต|ขีดจำกัด|หมู่เหล่า|ระดับ|กลุ่ม|สมาคม|องค์กร|หนี้สิน|บัญชี|ขั้น|ชั้น|ความเป็นไป|รูป|ลักษณ์
ดาว,n,ดวงดาว|นักษัตร|ดารา|ดวง|ตัวแทน|สัญลักษณ์|ความสว่าง|มหาชน|ศิลปิน|นักแสดง|ผู้มีชื่อเสียง|อ้าง|ลูกดาว|บุปผา|ลูกเหนือ|ลูกเนื้อ|เทวดา|มหาวิทยาลัย|เสด็จ
หุบ,v,ปิด|พับ|งอ|โค้ง|ม่อม|ซ่อน|คลุม|บดบัง|ปิดกั้น|ค้ำ|ยุบ|ยั่วยวน|ทำให้แคบ|ย่อตัว|กองรวม|จำหน่าย|กระพุ่ม|กระแทก|กระพริบ
วนาลี,n,ป่า|ดง|พงไพร|หมู่ไม้|พื้นที่ป่า|บริเวณป่า|ส่วนกลาง|ศูนย์รวม|ตำบล|สภา|สมาคม|หนองหนาด|พื้นแบน|ภูมิศาสตร์|อากาศ|ประชากร|บริเวณ|ท้องที่|ลุ่มน้ำ|วนาราม
รอ,v,คอย|ยืนหนึ่ง|ยืนรอ|คอยคำสั่ง|สะดุดใจ|รอจังหวะ|ชั่งใจ|ลังเล|อาศัย|ตั้งหนึ่ง|ยืดเวลา|หยุดพัก|รอดูก่อน|ระแวดระวัง|สำรอง|เก็บไว้|พักผ่อน|คร่อม|แรงขัน|ติดใจ
จะ,aux,จะ|เกือบจะ|ใกล้จะ|ว่ากำลัง|อาจจะ|จะต้อง|ควร|สมควร|ปรารถนา|ขึ้นต่อ|ปรัชญา|ความจำเป็น|สิ่งที่ควร|เป็นไปได้|อยู่ในขอบเขต|ตามลำดับ|ค่อย|กำลัง|วิธี|ทาง
ลัง,n,กล่อง|ที่เก็บ|ส่วนท้าย|ส่วนควบ|ตู้|ห้อง|บริเวณปิด|พื้นที่จำกัด|ส่วน|แผนก|ระดับ|ชั้น|ลำดับ|บัลลังก์
ความหลัง,n,อดีต|ประวัติอดีต|อดีตกาล|ความรู้|ความเข้าใจ|ความสำนึก|พื้นฐาน|ที่มา|จุดกำเนิด|หลักฐาน|ข้อมูล|ข้อคิด|สิ่งที่ผ่านมา|ประสบการณ์|ชีวประวัติ
เงี่ยหู,v,ตั้งหู|ตั้งสติ|ฟังอย่างตั้งใจ|หันหู|เน้นเสียง|ให้ความสำคัญ|รับฟัง|เต็มหู|ติดหู|ส่งเสียง|ฟังด้วยความสนใจ
หู,n,อวัยวะรับเสียง|ระบบ|ด้ามจับ|ส่วนยื่น|เรือนหู|เยื่อหู|ลูกหู|ปีกหู|ชั้นหู|กระดูกหู|ศูนย์ฟัง|ความตระหนัก|ความรู้สึก
เงี่ย,v,ยกหู|ตั้งหูฟัง|ยันหู|ตั้งใจฟัง|เอาใจใส่|หันกลับ|หันไปฟัง|ให้ความสำคัญ|เกี่ยวข้อง|อ่อนไหว|ไวต่อ
ฆ้อง,n,เครื่องดนตรีโบราณ|เครื่องประโคม|เครื่องดนตรี|สัญลักษณ์|สิ่งศักดิ์สิทธิ์|ของสะสม|มรดก|โบราณวัตถุ|ศิลปะ|ความแตกต่าง|เสียงดัง|ก้องกังวาน|เสียงสำหรับประกาศ
กลอง,n,เครื่องดนตรี|ท้องกลอง|การเคาะ|การตี|ศิลปกรรม|เครื่องตรวจ|ท่อเสียง|เครื่องกำเนิดเสียง|ชิ้นส่วน|หมู่กลอง|ความยาว|ความเป็นไป
ร่ำ,v,ร้อง|ขับร้อง|เพลง|บทเพลง|กวีนิพนธ์|ทำนอง|จังหวะ|ความไพเราะ|ความกลัว|เคลื่อนไป|ร้องไห้|ไม่หยุดร้อง
รัว,v,เคาะ|ตี|ดัง|ลั่น|ระบำ|การเต้น|บินไป|ทำให้เคลื่อน|ปล่อยออก|ความเร็ว|ลำเลียง|ขับเคลื่อน|ผลักดัน|ใจร้อน|ร่วงลงมา
รณ,n,สมรภูมิ|ศึก|รบ|จังหวะ|ศิลปะ|กลอง|ศิลปกรรม|ทำนอง|ดนตรี|เสียง|ธรรมชาติ|เหตุการณ์|สถานการณ์|พิธี|ประเพณี
สาว,n,หญิงสาว|หญิงอ่อน|เยาวชน|ผู้หญิง|สุภาพสตรี|เด็กผู้หญิง|ตัวผู้หญิง|จอมขวัญ|จอมใจ|นางสาว|ชาววัง|ศรีสาว
คำรณ,n,การร้องเพลง|บทเพลง|ดนตรี|ทำนองเสียง|กวีนิพนธ์|บทประพันธ์|เพลงไทย|จังหวะ|เสียง|ศิลปะ|ความไพเราะ|ถ้อยคำ|เนื้อเพลง|การขับร้อง
พรม,n,ผ้าปูพื้น|หมวดหมู่|กลุ่ม|ชั้น|ระดับ|องค์กร|หมู่เหล่า|ฝ่าย|สมาคม|ประเภท|ผ้าตกแต่ง|ผ้าปรับปรุง|สิ่งปูผ้า|ความสะอาด|ที่นั่ง|ความสุขสบาย
ดนตรี,n,เพลง|เสียง|ศิลปะ|กลอง|เครื่องดนตรี|ศิลปกรรม|จังหวะ|ทำนอง|วงดนตรี|เครื่องสาย|เครื่องเป่า|เครื่องตี|ศิลป์|ความสุขสบาย|ความผ่อนคลาย|ศิลปิน|นักดนตรี
เริง,adj,สนุก|ชื่นใจ|ปลื้ม|ยินดี|วุ่นวาย|นิยม|ชัดเจน|ถูกต้อง|สำเร็จ|สำเร็จลุล่วง|เพลิดเพลิน|บันเทิง|สุขใจ|เต็มไปด้วย|ปรารถนา|เพิ่มเติม|สูงสุด
แสง,n,ความสว่าง|ดวง|ความเห็น|ความรู้สึก|ความคิด|แสงสว่าง|รังสี|เหลี่ยมแสง|ไฟสว่าง|พระจันทร์|ดวงดาว|เกียรติ
แผด,v,ฝ่า|บุก|ทะลวง|พังทลาย|บุกรุก|ตรวจสอบ|ศึกษา|ท้าทาย|ขับไล่|ตัดขาด|พิเศษ|เพิ่มขึ้น|ปฏิเสธ|คัดค้าน
แรง,adj,มีกำลัง|ปรารถนา|ใจดี|เต็มใจ|ตั้งใจ|จริงจัง|มีความสามารถ|ปราดเปรื่อง|กล้าหาญ|ต่อสู้|ไม่ยอมแพ้|อดทน|ยืดหยุ่น
จ้า,v,ตะโกน|ลั่น|ส่งเสียง|โห่|ร้องเพลง|หวีดลั่น|เสียงดัง|ฟังเสียง|เสียงแหลม|เสียงครวญ|เสียงลั่น
แมลง,n,สัตว์เล็ก|สัตว์มีขา|สัตว์หกขา|แมลงวัน|ทั่ว|แพร่กระจาย|ตระกูล|กลุ่ม|หมู่เหล่า|พวก|สมาชิก|หมวดหมู่|ลำดับ|ระดับ|ลักษณะ
เม่า,v,เห่า|ร้อง|เสียงประหลาด|หวีด|ครวญ|ครวญคราง|เสียงน่ารำคาญ|ร้องโหยหวน|วิ่งไป|หนี|ตั้งใจ|ปรารถนา|ยิ่ง|เต็มไปด้วย
แมงเม่า,n,แมลง|สัตว์มีชีวิต|สัตว์ตัวเล็ก|ประเภท|ลักษณะ|ชนิด|หมวดหมู่|กลุ่ม|คณะ|พวก|หมู่เหล่า|องค์กร|สมาคม|ชั้น|ระดับ
ถา,n,ระบาย|ทำนาย|หนองน้ำ|บึง|ลำธาร|คลอง|สระ|ที่เก็บน้ำ|บ่อน้ำ|ท่อระบายน้ำ|ท้องลาด|ลาดชัน|ความคิด|ความเห็น|ความรู้สึก
โถม,v,ทรมาน|ตีตรวน|บีบคั้น|กดทับ|ย่ำยี|บดบัง|บุก|บุกรุก|โจมตี|ทำให้เจ็บปวด|ทำให้ทุกข์|ทำให้เดือดร้อน|ทำให้เสีย|ทำให้พังทลาย|ตัดขาด|ยุติ|สิ้นสุด|จบสิ้น|หมดไป
เข้า,v,ข้างใน|เจาะ|บุก|โจมตี|ยอมรับ|เชื่อ|ยอมแพ้|ตัดสินใจ|เปลี่ยนใจ|คิดเห็น|เข้าใจ|เข้าระบบ|เข้ากลุ่ม|มีส่วนร่วม|สัมพันธ์|ความเกี่ยวเนื่อง
โลม,v,กลุ่ม|ประเภท|เข้ากลุ่ม|รวมกัน|ลุยน้ำ|ไหลไปมา|ว่ายไป|ล้วง|ล้ำหน้า|ทะลุ|โผล่|ปรากฏ|เห็น|มอง|ชม|ทำให้เป็น|ทำให้กลาย
ประกาย,n,แสง|สัญลักษณ์|ความสว่าง|ความมั่นคง|ความเชื่อมั่น|จริยธรรม|คุณค่า|ศรัทธา|ทรัพย์|สิ่งมีค่า|มงคล|กำลัง
โรจน์,v,จ้อง|มอง|ดู|ชม|ยิ่งใหญ่|เห็น|แจ้งใจ|รู้|เข้าใจ|คิดถึง|อยากได้|ปรารถนา|มีความหมาย|บ่งบอก|ระบุ|เสนอ|ถ้อยวาจา
ลุก,v,ยืนขึ้น|ตื่น|สะดุดใจ|วุ่นวาย|ตัดสินใจ|แตกแยก|บิน|ยิง|ปีกพัด|พัดออก|ไปอย่างรวดเร็ว|หนีไป|ตัดสินสุดท้าย|กำหนด|อ่อนไหว
โชติ,n,แสง|ความสว่าง|ดวงดาว|ศรัทธา|คุณค่า|ทรัพย์|สิ่งมีค่า|มงคล|บุญ|อานิสงส์|ประโยชน์|ความสำเร็จ|ความยิ่งใหญ่|ชื่อเสียง
กรอบ,n,ขอบ|กำแพง|ลักษณ์|ประเภท|ขีดจำกัด|ตัวอักษร|รูป|กระดาษ|ส่วนหนึ่ง|บริเวณ|บัญญัติ|กฎเกณฑ์|ตัวจริง|ภาพรวม|สำนวน|คำพูด|ท่าทาง
แห้ง,adj,ไม่มีน้ำ|เสีย|เสื่อมสมรรถภาพ|เหนื่อย|หดหู่|เศร้า|เจ็บปวด|ทุกข์|บิดเบี้ยว|โค้ง|งอ|กระแทก|ทำให้เสีย|บดบัง|ทรมาน
มรณ์,n,ความตาย|ความจบ|จุดสิ้นสุด|ความหมดลง|ความสิ้นใจ|ความไม่มีชีวิต|ความว่างเปล่า|ความหายไป|ความสูญหาย|ความเสียหาย|ความโศกเศร้า|ความป่วย|ความเจ็บไข้|ความรอคอย
แมง,n,แมลง|สัตว์หกขา|สิ่งมีชีวิตตัวเล็ก|แมลงเล็ก|สัตว์ปีกขนาดจิ๋ว|ตัวแมลง|มดปลวก|สิ่งเล็กน้อย|สัตว์โลกจิ๋ว|ชีวิตขนาดเล็ก
จน,adv,สิ้น|หมด|ปราศจาก|ไม่เหลือ|ขัดสน|อัตคัด|ยากไร้|ไม่มี|สุดหนทาง|ไร้สิ้น|เข็ญใจ|ขาดแคลน|มืดมน|อับจน|ยากเข็ญ
ผง,n,ละออง|ธุลี|ฝุ่น|ไคล|เม็ดเล็ก|เศษละเอียด|ไอฝุ่น|อนุภาค|ธุลีดิน|ไอละเอียด|ฝุ่นผง|ละอองดิน|ละอองแป้ง
เพราะ,conj,เหตุ|ด้วย|ประหนึ่ง|เนื่องจาก|อาศัย|โดย|ด้วยเหตุ|เนื่องด้วย|เหตุผล|พึ่งพา|เหตุฉะนี้|ด้วยประการฉะนี้|เหตุเพราะ
ใหล,v,ริน|หลั่ง|เคลื่อนไป|ไหลเลื่อน|ร่วงไหล|เคลื่อนคล้อย|ลื่นไหล|เลื่อนไหล|พรั่งพรู|หลั่งไหล|รินรด|ไหลริน|ถ่ายเท
หลง,v,ลืม|งมงาย|ติดพัน|เลอะเลือน|เพ้อ|มัวเมา|ติดใจ|คลั่งไคล้|วนเวียน|เสียสติ|เมามัว|เคลิบเคลิ้ม|หลงใหล
ใหลหลง,v,ติดพัน|หลงใหล|มัวเมา|เคลิบเคลิ้ม|คลั่งไคล้|เมามัว|ตรึงใจ|หลงรัก|ใจภักดิ์|เสพสม|หลงใหลใฝ่ฝัน|เมาหมก
รุนแรง,adj,หนักหน่วง|ฉกรรจ์|ร้อนแรง|รวดเร็ว|ดุดัน|เข้มข้น|รุนร้าย|เฉียบขาด|รุนเร้า|อุกอาจ|รุนรุก|โหดเหี้ยม|หนักแน่น
สี,n,วรรณะ|เฉด|สีสัน|แต้ม|รงค์|โฉม|สีผิว|สีหน้า|สีสรรค์|สีพื้น|สีนวล|สีประกาย|สีสด|เงา|รุ้ง
ชาย,n,บุรุษ|นร|คนรัก|ผู้ชาย|ชายหนุ่ม|พงศ์ชาย|กุลบุตร|หนุ่ม|ชายชาติ|ชายชาญ|เพศชาย|ท่านชาย|หนุ่มแน่น
เสี้ยม,v,ยุ|ยุยง|ปลุกปั่น|ยุแหย่|ชวนเชื่อ|เร้า|ยั่วยุ|ปั่นหัว|สร้างความร้าวฉาน|ยุส่ง|ยุให้รำ|ชี้โพรง
เสี้ยมสอน,v,อบรม|สั่งสอน|แนะนำ|ชี้แนะ|สั่งเตือน|พร่ำสอน|สอนสั่ง|ขัดเกลา|ฝึกฝน|อบรมสั่งสอน|ชี้ช่อง|แนะแนวทาง|สั่งการ
เมื่อ,conj,กาล|ครา|ยาม|ตอน|ขณะ|เวลา|นาที|ชั่ว|กาลสมัย|วาระ|จังหวะ|คราว|ช่วง|โอกาส|ลำดับ|สมัย|อดีต|ปัจจุบัน|อนาคต|ประหนึ่ง
คง,v,ยัง|ตั้งอยู่|ยั่งยืน|ดำรง|รักษาสภาพ|มั่น|คงกระพัน|ถาวร|ยืนยง|ต่อเนื่อง|ติดตัว|ไม่เปลี่ยน|เถร|แน่นแฟ้น|ปักหลัก|หลักมั่น|อยู่ยง|คงทน|เป็นปกติ|เสถียร
มิใช่,adv,ไม่ใช่|ไม่จริง|หามิได้|หาสมควรไม่|หาเป็นเช่นนั้นไม่|หามิใช่|ไม่เป็น|ปฏิเสธ|มิพึง|หาตรง|มิควร|ไม่ถูกต้อง|ผิด|ไม่ใช่อื่นไกล|ขัด|มิตรง|ค้าน|มิแท้|เลี่ยง|ไม่
ใช่,adv,จริง|แท้|ถูก|ชอบ|ตรง|แน่|ประจักษ์|แน่นอน|ควร|เป็นได้|มิปฏิเสธ|เห็นดี|ยอมรับ|สอดคล้อง|ตรงเผง|แม่นยำ|ปรากฏ|เป็น|ยืนยัน|พิสูจน์ได้
หรือ,conj,บ้าง|ประการใด|ไหม|หรือเปล่า|หรือไม่|เฉก|ปาน|ดั่ง|ดุจ|เทียบ|หรือว่า|หากว่า|อย่างไร|ข้อสงสัย|ถามไถ่|คั่นกลาง|เลือก|ฝ่าย|ทาง|มิใช่หรือ
แท้,adj,จริง|บริสุทธิ์|มูล|เดิม|ดั้ง|แก่น|สาร|เน้น|เด่น|ชัด|แน่|โดยตรง|เที่ยง|ปราศจากปน|เอก|สิทธิ์|ต้นกำเนิด|หลัก|สำคัญ|พิสุทธิ์
นั้น,pron,สิ่งนั้น|ประการนั้น|อันนั้น|อันได้แก่|กล่าวคือ|ชี้ไป|เฉพาะ|จุด|ดังกล่าว|ระบุ|ตัว|อันประกอบ|สิ่งดังกล่าว|นั่น|ลำดับนั้น|เมื่อนั้น|ขณะนั้น|วาระนั้น|เวลาดังกล่าว|จุดมุ่งหมาย
สื่อ,v,บอก|กล่าว|นำ|ส่ง|ส่งผ่าน|ถ่ายทอด|แสดง|ออก|บ่ง|ชี้|แจง|เผย|ประกาศ|นัย|หมาย|นิเทศ|สะท้อน|แผ่|แจกแจง|สื่อสาร
จาก,prep,แต่|เหตุ|ต้น|โดย|เริ่ม|เริ่มจาก|ผ่าน|อ้าง|เนื่อง|ประสาน|โยง|เชื่อม|ต้นทาง|ที่มา|แหล่ง|จุดเริ่ม|อิง|อาศัย|โดยทาง|เบื้องต้น
แรงใจ,n,กำลังใจ|จิตใจ|ขวัญ|กำลัง|พลัง|ความมุ่งมั่น|อุตสาหะ|ความหวัง|ใจสู้|แรงบันดาลใจ|ปณิธาน|ความกล้า|แรงขับ|พลังแห่งใจ|ความปรารถนา|แรงผลักดัน|ศรัทธา|ใจเด็ด|ความมุ่งหมาย|แสงแห่งหวัง
ห้า,num,เบญจ|ปัญจ|จำนวนห้า|ลำดับที่ห้า|ห้าหน่วย|เบญจภาคี|กลุ่มห้า|หน่วยห้า|เลขห้า|นับได้ห้า
ขาด,v,บกพร่อง|ไม่ครบ|สูญเสีย|หมดสิ้น|แยกออก|ห่าง|ปราศจาก|ไม่พอ|ทุพพลภาพ|ร่อยหรอ|ห่างหาย|ไม่เต็ม|เว้น|ทิ้ง|หลุด|ตัด|ขาดแคลน|ไม่ถึง|หลุดพ้น|สั้น
หก,num,ฉฬ|ฉ|จำนวนหก|ลำดับที่หก|หกหน่วย|กลุ่มหก|หน่วยหก|เลขหก|นับได้หก|หกส่วน
ชีวาตม์,n,ชีวิต|อายุ|ชีวา|ความเป็นอยู่|ลมหายใจ|วิญญาณ|สังขาร|ชีวัน|ชนม์|ดวงชีวิต|ชีพ|อัตตา|จิตวิญญาณ|แก่นชีวิต|ธาตุรู้|ชีวิตจิตใจ|ลมปราณ|ภาวะชีวิต|กระแสชีวิต|ดวงชีวิน
ชี,n,นักบวชหญิง|ผู้ถือศีล|อุบาสิกา|แม่ชี|ผู้ครองศีล|ผู้สละโลก|หญิงผู้ทรงศีล|ผู้นุ่งขาว|ผู้บำเพ็ญ|นักพรตหญิง
ใน,prep,ภายใน|ข้างใน|ท่ามกลาง|บรรดา|แห่ง|ลึก|ส่วนใน|ภายในเขต|พื้นที่ใน|ชั้นใน|วงใน|ศูนย์กลาง|เนื้อใน|ถ้ำกลาง|มวล|รวม|ภายใต้| ณ |สถาน|ที่แห่ง
ศักดิ์ศรี,n,เกียรติยศ|เกียรติ|ชื่อเสียง|ความภูมิใจ|ศักดิ์|ความสง่างาม|ฐานะ|คุณค่า|ความนับถือ|เกียรติภูมิ|สง่าราศี|ความภาคภูมิ|ค่าแห่งตน|เกียรติศักดิ์|รัศมี|ความองอาจ|เชิดชู|ความมีเกียรติ|ฐานันดร|ความรุ่งเรือง
ศักดิ์,n,อำนาจ|พลัง|สิทธิ|ตำแหน่ง|บารมี|อิทธิฤทธิ์|ความสามารถ|ความยิ่งใหญ่|เกียรติ|ฐานะ|สถานภาพ|คุณสมบัติ|ความศักดิ์สิทธิ์|ความสำคัญ|ยศถา|อภิสิทธิ์|วาสนา|ความเป็นใหญ่|ต้นกำเนิด|หลักฐาน
ศรี,n,มิ่ง|ความงาม|ความรุ่งเรือง|สิริ|โฉม|ความดีงาม|ความผุดผ่อง|แสงสว่าง|มงคล|ความเจริญ|สง่า|เกียรติ|ความเปล่งปลั่ง|ความละมุน|อัญมณี|ยอด|ตัวเอก|คุณสมบัติ|ดวงตา|สัญลักษณ์
เจ็ด,num,สัตต|สัตตะ|จำนวนเจ็ด|ลำดับที่เจ็ด|เจ็ดหน่วย|กลุ่มเจ็ด|หน่วยเจ็ด|เลขเจ็ด|นับได้เจ็ด|เจ็ดประการ
ห่วง,v,กังวล|พะวง|อาลัย|ปรารถนา|หวง|หวงแหน|ผูกพัน|นึกถึง|กังวลใจ|เฝ้ามอง|สงสัย|ระแวง|ห่วงใย|เฝ้าถนอม|อาวรณ์|คิดถึง|ใฝ่ฝัน|เฝ้ารอ|รำพึง|ผูกจิต
แปด,num,อัฏฐ|อัฏฐะ|จำนวนแปด|ลำดับที่แปด|แปดหน่วย|กลุ่มแปด|หน่วยแปด|เลขแปด|นับได้แปด|แปดประการ
นง,n,นาง|หญิง|สาว|นงเยาว์|นงคราญ|นงลักษณ์|นงพะงา|สตรี|โฉมงาม|นารี|ผู้หญิง|นงนุช|ยอดหญิง|จอมขวัญ|กัลยา|หญิงงาม|ดรุณี|นงราม|นางแก้ว|นงนาถ
พงา,n,หญิงงาม|นงคราญ|นงลักษณ์|นงเยาว์|นาง|โฉมสะคราญ|สาวสวย|ดรุณี|สตรี|กัลยา|นงราม|นงนาถ|นางแก้ว|ยอดหญิง|นงนุช|นารี|หญิงสาว|จอมขวัญ|หญิงงามตา|โฉมตรู
กว่า,conj,เกิน|ยิ่ง|มากกว่า|เหนือ|ล่วง|ผ่าน|พ้น|ยิ่งไป|เพิ่มเติม|ทวี|เพิ่มขึ้น|ล้ำ|เฉลี่ย|เทียบ|เปรียบ|อีก|ถัด|ขึ้น|สูง|หนัก
ดื่น,adj,มาก|ดาษ|พื้น|ดาษดื่น|ล้น|ล้นหลาม|เกลื่อน|แน่น|มากมาย|พรั่งพร้อม|รื่น|ราบ|เพียบ|เต็ม|กว้างขวาง|รื่นเริง|เนืองแน่น|เต็มที่|ดาษ|ดาษดา
ดึก,n,ยามดึก|วิกาล|ราตรี|ค่ำคืน|ดึกดื่น|ยามสงัด|ยามค่ำ|ราตรีกาล|ดึกดื่นค่ำคืน|คืนค่ำ|ยามดึกสงัด|เวลาดึก|ค่อนคืน|เที่ยงคืน|เงียบสงัด|ดึกสงัด|กาลดึก|ห้วงยาม|ความมืด|ค่ำ
ยะ,adv,เย็น|ช้า|สงบ|นิ่ง|เยือก|แผ่ว|เบา|เรียบ|ละมุน|นิ่งเงียบ|ระมัดระวัง|แช่มช้า|ค่อย|นุ่มนวล|เยือกเย็น|เนิบนาบ|ค่อยเป็นค่อยไป|นิ่งสงบ|นวล|เยียบ
เยียบ,adj,เย็นจัด|ยะเยือก|เย็นเยียบ|เย็นฉ่ำ|หนาวเหน็บ|เย็นยะเยือก|เย็นสุดขั้ว|เย็นจับใจ|เย็นเฉียบ|หนาว|สะท้าน|เย็นถึงใจ|เย็นทรวง|เยือก|เย็นจับขั้ว|เยือกเย็น|เย็นดั่งน้ำแข็ง|เย็นลึก|หนาวสั่น|ยะ
ความเงียบ,n,ความสงบ|ความเงียบสงัด|ความสงบเงียบ|ความสงัด|ความนิ่ง|ความเงียบงัน|ความมิด|ความสงบเงียบงัน|ความเงียบเชียบ|ความนิ่งสนิท|ความสงบเย็น|ความสงัดเงียบ|ความเงียบเหงา|ความสันโดษ|ความเงียบปาง|ความเงียบสนิท|ความไม่ส่งเสียง|ความเงียบกริบ|ความนิ่งเงียบ|ความสงัด
เสียด,v,แทง|ทิ่ม|ตำ|บาด|เจ็บ|ร้าว|รวน|กระแทก|ทิ่มแทง|เสียดแทง|ปวดร้าว|ขัด|เสียดสี|แทรก|กระหน่ำ|ชวนปวด|บีบ|บาดลึก|กระแทกใจ|กระทบ
แทง,v,ทิ่ม|ปัก|เสียด|สอด|แทรก|ปักลง|ตำ|เจาะ|ทิ่มแทง|เสียบ|ปักตรึง|รุก|แทรกซึม|แทงใจ|จ้วง|ปักลงตรง|แทรกตัว|แทงลึก|เจาะจง|ทิ่มตำ
แท่ง,n,ท่อน|ก้อน|ชิ้น|แท่งวัตถุ|รูปทรงกระบอก|วัตถุแข็ง|ชิ้นแข็ง|แกน|เสา|หลัก|โครงสร้าง|ก้อนเนื้อ|รูปแท่ง|ทรงตรง|สิ่งที่ยาว|สิ่งที่หนา|วัตถุยาว|ท่อนยาว|แท่งแข็ง|ชิ้นยาว
ล้อ,v,เย้า|หยอก|เย้าแหย่|แกล้ง|ยั่ว|ล้อเลียน|หยอกเย้า|แหย่|เล่น|กระเซ้า|ล้อเล่น|ยั่วเย้า|หยอกล้อ|กระเซ้าเย้าแหย่|ล้อเลียน|เย้าเล่น|หยอกกัน|เล่นหัว|ร่าเริง|ตลก
เลื่อน,v,เคลื่อน|ไหล|เลื่อนไหล|ย้าย|ผ่าน|ปรับ|เลื่อนลอย|ขยับ|เคลื่อนย้าย|ถัด|ขยับขยาย|เลื่อนระดับ|ปรับเปลี่ยน|เปลี่ยน|เคลื่อนไป|ขยับตัว|ไหลเลื่อน|สไลด์|เลื่อนตำแหน่ง|เคลื่อนที่
โบยบิน,v,บิน|โผบิน|ร่อน|เหิน|ทะยาน|ลอย|ผงาด|บินว่อน|โฉบ|บินไป|เหินหาว|ลอยละล่อง|ร่อนไป|บินร่อน|โผ|เหินบิน|ลอยลม|โบย|ร่อนลม|ร่อนไปมา
เงียบ,adj/n,สงบ|สงัด|นิ่ง|สงบเงียบ|เงียบงัน|เชียบ|มิด|นิ่งสนิท|สงบเย็น|เงียบเชียบ|สงัดเงียบ|เงียบปาง|นิ่งเงียบ|สงบระงับ|ไร้เสียง|กริบ|สยบ|สนิท|สงบงัน|ไร้สุ้มเสียง
รวง,n,รวงข้าว|รวงรัง|กลุ่ม|ช่อ|พวง|รวงผล|ลำรวง|รวงทอง|ช่อรวง|มัด|ช่อดอก|ส่วนที่เป็นกลุ่ม|ท่อน|รวงพวง|กลุ่มเมล็ด|รวงข้าวทอง|พวงระย้า|กลุ่มผล|ช่อเมล็ด|รวงผลผลิต
ผสม,v,รวม|ปน|เจือ|ประสม|คลุกเคล้า|เข้ากัน|บูรณาการ|ประสาน|สังเคราะห์|ปนเป|ผสมผสาน|เจือปน|รวมตัว|ผนวก|รวมเข้า|ประมวล|บูร|ผสมคละ|เจือจาง|ประสานรวม
นม,n,น้ำนม|เต้านม|ปทุมถัน|ถัน|ถน|น้ำเลี้ยง|น้ำจากอก|น้ำขาว|โอสถจากอก|ของเหลวสีขาว|น้ำกลั่นจากชีวิต|อาหารทารก|น้ำนมแม่|ปทุม|ถันปทุม|น้ำขาวนวล|ของเหลวบำรุง|น้ำจากเต้า|รสละมุน|น้ำขาวบริสุทธิ์
น้ำนม,n,นม|น้ำเลี้ยงชีวิต|น้ำขาว|น้ำนมแม่|รสหวานล้ำ|น้ำกลั่นจากอก|ของเหลวบำรุง|น้ำนมบริสุทธิ์|น้ำหล่อเลี้ยง|โอสถธรรมชาติ|น้ำขาวนวล|น้ำแห่งชีวิต|น้ำจากเต้า|ของเหลวใส|น้ำนมแม่รวง|หยาดน้ำขาว|น้ำนมดั่งน้ำผึ้ง|น้ำนมรสละมุน|น้ำหล่อเลี้ยงกาย|น้ำเลี้ยงลูก
แต่ง,v,ประดับ|ประดิด|จัด|สรร|ประดิษฐ์|ปรุง|เสริม|เสริมสวย|ตกแต่ง|ประดับประดา|ประลอง|สร้าง|ก่อ|เรียบเรียง|ปรับ|แต่งแต้ม|รังสรรค์|ทำ|เตรียม|เสริมแต่ง
ชู,v,เชิด|ยก|หนุน|ยกย่อง|เชิดชู|หนุนนำ|ยกฐานะ|ส่งเสริม|ยกตัว|ประกาศ|เชิดหน้า|ยกขึ้น|เทิดทูน|ส่งเสริมเชิดชู|ยกยอ|ประกาศเกียรติ|ยกค่า|ยกให้เด่น|หนุนส่ง|ยกชู
พวง,n,กลุ่ม|ช่อ|รวง|พวงระย้า|ช่อดอก|พวงมาลัย|มัด|กระจุก|ช่อผล|พวงรวง|กลุ่มพวง|ระย้า|พวงประดับ|ช่อพวง|พวงพยอม|กลุ่มดอก|มัดรวม|ช่อดอกไม้|พวงผล|กลุ่มดอกไม้
ยวง,n,กลีบ|พู|ส่วน|เนื้อผล|ชิ้น|เนื้อใน|เนื้อยวง|ส่วนเนื้อ|เนื้อในผล|พูผล|กลีบผล|เนื้อมะขนุน|เนื้อนุ่ม|ส่วนยวง|พูในผล|เนื้อฉ่ำ|ส่วนเนื้อใน|พูฉ่ำ|เนื้อหวาน|เนื้อยวงผล
ไผ่,n,ไม้ไผ่|พงไผ่|ดงไผ่|กอไผ่|พฤกษา|ก้านไผ่|ลำไผ่|ไผ่พง|ไม้งาม|พงพฤกษ์|ไม้เถา|ไม้ปล้อง|ไม้ลำ|ไม้ดัด|ลำไผ่เรียว|พงไม้|เรือนไผ่|ไม้เรียว|พงพนา|พฤกษ์ไผ่
พลิ้ว,v,ไหว|สั่น|ระริก|เอน|โอน|สะบัด|โบก|ลู่|เลื้อย|ไหวระริก|ล้อลม|เคลื่อนไหว|เอนไหว|ไหวโอน|พลิ้วไหว|ระบัด|สั่นไหว|เอนลู่|วูบไหว|พลิ้วลม
กล่อม,v,ปลอบ|ขับ|เห่|ปลอบประโลม|กล่อมเกลา|ฟูมฟัก|โอ้โลม|ปลอบขวัญ|บรรเลง|ขับขาน|เห่กล่อม|ปลอบใจ|ละมุน|เกลา|ขับร้อง|นิ่ง|ขับกล่อม|ประโลมใจ|อุ่น|กล่อมใจ
หยาด,n,น้ำ|หยด|หยดน้ำ|เม็ด|น้ำค้าง|หยาดฝน|หยดฝน|พราว|ละออง|หยดใส|น้ำทิพย์|หยาดทิพย์|หยาดใส|หยาดเพชร|หยาดน้ำค้าง|พราวพราย|เม็ดใส|น้ำหยด|หยาดหยด|น้ำทิพย์ใส
แพรว,adj,วาว|วับ|ระยับ|พราว|แวว|สดใส|เปล่งประกาย|สุกใส|กระจ่าง|สว่างไสว|แพรวพราว|ระยิบระยับ|วับวาว|แวววาว|รุ่งเรือง|รุจี|โชติ|ระยับตา|จรัส|ผุดผ่อง
น้ำตา,n,หยาดตา|น้ำเนตร|หยาดน้ำตา|โศก|หยดน้ำตา|ความชื้น|น้ำตาใส|หยาดโศก|น้ำตาไหล|น้ำทิพย์|กระแสชล|น้ำเนตรใส|หยาดเศร้า|หยดน้ำเนตร|หยาดร่วง|น้ำตาหลั่ง|ความเสียใจ|หยาดความรู้สึก|น้ำเนตรหลั่ง|หยาดความหลัง
ตื้น,adj,ไม่ลึก|เบา|บาง|เขิน|ฉาบ|ผิว|ผ่าน|ไม่ลึกซึ้ง|กระแส|ผิวเผิน|ต่ำ|ห่าง|ประเดี๋ยว|เบาบาง|ไม่หยั่งลึก|ตื้นเขิน|พอผ่าน|ฉาบฉวย|พอเห็น|ไม่หยั่งถึง
ผอง,adj,ทั้งหมด|มวล|เหล่า|พรัก|พร้อม|ทุก|บรรดา|ร่วม|กลุ่ม|รวม|มวลหมู่|ทั้งสิ้น|หมู่|เหล่ากอ|พรั่งพรู|ประมวล|บูร|มวลสาร|ทั้งหมดทั้งมวล|พรักพร้อม
ทอ,v,สาน|ถัก|เรียง|ร้อย|สร้าง|ผูก|ประดิษฐ์|ทำ|เชื่อม|แต่ง|ขัด|สร้างสรรค์|รังสรรค์|ทำเป็นผืน|สานต่อ|เชื่อมร้อย|ทำเป็นลาย|ถักทอ|เรียงร้อย|ประสาน
ถัก,v,สาน|ทอ|ร้อย|เรียง|ผูก|เย็บ|สานต่อ|รวม|ประสาน|รวบรวม|ประดิษฐ์|ขัด|ถักทอ|สานเป็นลาย|ร้อยเรียง|สร้าง|ปรุง|แต่ง|ถักสาน|เชื่อม
แทน,v,สลับ|เปลี่ยน|สวม|สวมบท|สนอง|สถาพร|รอง|ต่าง|รับหน้าที่|ทำหน้าที่แทน|สวมรอย|เปลี่ยนตัว|ตอบแทน|โต้|สลับเปลี่ยน|สับเปลี่ยน|แทนที่|สวมแทน|สนองตอบ|ต่างหน้า
ห่ม,v,ปก|คลุม|คลี่|คลุมทับ|กาง|บัง|ห่อ|หุ้ม|โอบ|คลุมร่าง|ปกคลุม|โอบอุ้ม|กางกั้น|รักษา|ป้องกัน|นุ่ง|หุ้มห่อ|โอบอ้อม|ปกป้อง|ปิด
คุ้ม,v,รักษา|ปก|ป้องกัน|ดูแล|ป้อง|กัน|พิทักษ์|ประคอง|ถนอม|ดูแลรักษา|ปกป้อง|พิทักษ์รักษา|ป้องปัด|คุ้มครอง|คุ้มภัย|ดูแลคุ้มกัน|ต้าน|กาง|อารักขา|คุ้มครองภัย
ผ่อน,v,เบา|คลาย|ลด|หยุด|ยั้ง|ชะลอ|อ่อน|ละ|ผ่อนปรน|ลดหย่อน|คลายอารมณ์|ผ่อนคลาย|บรรเทา|ปรับ|ยืด|ปล่อย|ชะลอตัว|ลดลง|อ่อนลง|ผ่อนแรง
หยุด,v,พัก|เลิก|นิ่ง|เว้น|ยุติ|จบ|ระงับ|ถอย|ชะงัก|พักผ่อน|สิ้น|หยุดยั้ง|นิ่งเฉย|พักตัว|ยุติการ|หยุดนิ่ง|เพลา|เพลางาน|ยุติลง|ยับยั้ง
ข่ม,v,กด|ทับ|บังคับ|คุม|ปราบ|กดดัน|บีบ|รัด|กดขี่|ข่มขู่|คุมเข้ม|ควบคุม|กดทับไว้|ปราบปราม|ข่มใจ|บังคับใจ|กดข่ม|กดทับ|อำนาจ|บีบบังคับ
งอแง,adj/v,ดื้อ|รั้น|เอาแต่ใจ|ไม่เชื่อฟัง|โยเย|ร้อง|งอ|ง่วง|อิดออด|ซน|ดื้อดึง|ทำตัว|เรียกร้อง|ไม่นิ่ง|ออดอ้อน|เอาแต่ใจตัว|ทำเป็น|อิด|เอาความ|โยเย
รังแก,v,กด|ขี่|ข่ม|เหง|ลวนลาม|รุกราน|ทารุณ|เบียดเบียน|ทำร้าย|กดขี่ข่มเหง|เหยียดหยาม|รุก|รังคาน|ทำลาย|บีบคั้น|ข่มเหง|ข่มขู่|เบียด|รังควาน|ข่มเหงรังแก
รัง,n,บ้าน|ที่อยู่|ถิ่น|เรือน|แหล่ง|ที่พัก|ฐาน|แหล่งอาศัย|ที่อาศัย|เรือนกาย|ที่หลบภัย|ฐานทัพ|รวง|รวงรัง|เรือนที่พัก|ถิ่นอาศัย|ที่ตั้ง|รังรัก|เรือนพัก|รังนอน
กัน,v/prep,ป้องกัน|กั้น|ต้าน|ขวาง|แยก|ดูแล|ปกป้อง|ห้าม|ขัด|รักษา|ป้องกันภัย|กันไว้|ต้านทาน|แยกออก|กางกั้น|ป้อง|คุ้ม|กั้นไว้|ยับยั้ง|ขัดขวาง
สบ,v,พบ|เจอ|ประสบ|พบเห็น|เห็น|ประสาน|ปะทะ|ประสบพบ|สบตา|เผชิญ|ประจัน|ประสพ|ทัศนา|สบพักตร์|ประสานพบ|เห็นประจักษ์|ประสบพบพักตร์|ประสานใจ|ประจันหน้า|ร่วมสบ
วัน,n,ทิวา|ทิวาสมัย|วันคืน|กาล|สมัย|วาระ|ฤกษ์|ยาม|อโหรา|เวลา|วันเดือน|กำหนด|ตะวัน|อรุณ|ทิวารัตน์|วันเวลา|กาลสมัย|ยามกาล|วันวาร|ทิวาพรรณ
สุดท้าย,adj,ปลาย|ที่สุด|ที่สุดท้าย|บั้นปลาย|จบ|สิ้น|ตระบัด|ที่สุดของกาล|จุดจบ|เบื้องปลาย|วาระสุดท้าย|ท้ายสุด|บทสรุป|ปัจฉิม|ที่สุดประการ|จบสิ้น|สิ้นกาล|จุดหมาย|ปัจฉิมวาระ|ปลายทาง
ความหมาย,n,นัย|อรรถ|นัยสำคัญ|คติ|เหตุผล|เนื้อหา|ประสงค์|จุดมุ่งหมาย|มูลเหตุ|เนื้อความ|นัยยะ|อรรถรส|ความนัย|ใจความ|คำจำกัดความ|ความนัยสาร|เจตนา|แนวคิด|ความเข้าใจ|หลักการ
รอยรัก,n,เครื่องหมายแห่งรัก|ความหลัง|รอยจำ|จารึกรัก|รอยประทับ|รอยแห่งความเสน่หา|รอยใจ|รอยความผูกพัน|สัญลักษณ์แห่งความรัก|ร่องรอยรัก|รอยเสน่หา|รอยตรา|รอยจำฝังใจ|รอยอาลัย|รอยผูกพัน|รอยรักตราตรึง|รอยรักรอยใจ|รอยจารึก|รอยแห่งความหลัง|รอยรักฝังลึก
รอย,n,ทาง|แนว|เครื่องหมาย|ร่อง|ตรา|จารึก|รอยตรา|สัญลักษณ์|พิมพ์|เค้า|ริ้ว|ลาย|รอยประทับ|รอยจาร|รอยขีด|รอยทาง|ร่องรอย|รอยย้ำ|รอยแห่งกาล|รอยผ่าน
ร้อยรึง,v,ผูก|ร้อย|รัด|มัด|เกี่ยว|ประสาน|เกี่ยวพัน|เหนี่ยวรั้ง|พันธนาการ|ผูกพัน|ตรึง|คล้อง|รัดรึง|ร้อยรัด|เกี่ยวกระหวัด|ร้อยโยง|ผูกรัด|ตรึงใจ|ผูกโยง|ร้อยตรึง
รึง,v,ตรึง|รัด|ผูก|รั้ง|เกี่ยว|กระหวัด|พัน|เหนี่ยว|รึงรัด|ผูกรัด|ตรึงจิต|รัดตรึง|ร้อยรึง|ยึด|เกี่ยวกระหวัด|คล้อง|พันผูก|รั้งใจ|เกี่ยวพัน|รัดไว้
ต่อ,v,เชื่อม|สาน|เติม|สืบ|สานต่อ|ประสาน|เรียง|โยง|ผนวก|รวม|ต่อเติม|ติดต่อ|สานสัมพันธ์|สืบต่อ|ผนวกเข้า|เชื่อมโยง|ผูก|ผสาน|โยงใย|เติมเต็ม
หวังดี,adj,เมตตา|ปรารถนาดี|เอื้ออาทร|ห่วงใย|เกื้อกูล|เจตนาดี|มุ่งดี|ความเอื้อเฟื้อ|ไมตรี|ความปรารถนา|ใจเมตตา|มุ่งหมายดี|ใจกว้าง|เอื้อ|เกื้อหนุน|ความมุ่งหวังดี|มิตรไมตรี|เจตจำนงดี|ความห่วงหา|ความมุ่งมั่นดี
แววตา,n,นัยน์ตา|แววเนตร|กระแสตา|สายตา|แววประกาย|ดวงตา|ดวงเนตร|ประกายตา|นัยนา|แววแห่งความรู้สึก|ดวงตาสื่อความ|แววตาสะท้อน|นัยน์เนตร|ประกายเนตร|ตา|จักษุ|แววในตา|กระแสเนตร|มอง|เห็น
เธอ,pron,เจ้า|หล่อน|นวล|นาง|โฉม|ดรุณี|กัลยา|หญิง|จอมใจ|ยอดรัก|นงคราญ|นงเยาว์|แม่หญิง|แม่นาง|โฉมตรู|นางแก้ว|คนงาม|นงลักษณ์|เจ้าตัว|ดวงสมร
วันนั้น,n,กาลก่อน|วันวาน|อดีต|ครานั้น|เวลานั้น|ยามนั้น|เมื่อก่อน|หนหลัง|วันเวลาเดิม|กาลสมัย|อดีตสมัย|คราอดีต|ยามอดีต|ช่วงเวลานั้น|ครั้งกระนั้น|วันแห่งความหลัง|กาลครั้งนั้น|อดีตกาล|วันก่อน|วันคืนผ่าน
ผ่านมา,v,ผ่าน|ล่วงเลย|คล้อย|คลื่น|พ้น|พ้นไป|ล่วงผ่าน|จาง|หาย|เลย|พ้นจาก|ผ่านพ้น|ล่วงลับ|เคลื่อนคล้อย|จางหาย|พ้นผ่าน|ผ่านทาง|ล่วงไป|เลื่อนผ่าน|เลยไป
ลืมเลือน,v,เลือน|หาย|จาง|ลืม|ราง|จางหาย|เลือนราง|หลงลืม|จางไป|หายไป|ลืมหาย|เลือนลับ|รางเลือน|เลือนหาย|จางลง|ลับเลือน|ลืมลับ|ลืมจาง|หายไปกับกาล|ลืมสิ้น
ความจริง,n,สัจจะ|ความแท้|ธรรม|สภาวะ|เนื้อหา|ประจักษ์|ความเที่ยง|แท้|ความถ่องแท้|สัจธรรม|ความจริงแท้|ความแจ่มแจ้ง|ความกระจ่าง|สิ่งที่เป็น|ภาวะจริง|หลักจริง|ข้อเท็จจริง|ความแน่นอน|เนื้อความจริง|ความจริงใจ
หมอง,adj,เศร้า|หม่น|มัว|เศร้าหมอง|หม่นหมอง|มัวหมอง|ขุ่น|ขุ่นมัว|ซึม|โทรม|เศร้าสร้อย|มืด|หม่นแสง|หม่นใจ|มัวใจ|เศร้าซึม|หม่นเทา|มัวมืด|ขุ่นเคือง|เศร้าจาง
แยกทาง,v,จาก|ลา|ร้าง|ห่าง|ทาง|แยก|เลิก|ห่างเหิน|ห่างไกล|ลาร้าง|ร้างรา|จากลา|แยกย้าย|ทางใครทางมัน|ห่างจาก|ร้างไป|ลาจาก|ห่างแยก|ล่วงหน้า|แยกตัว
จากกัน,v,ลา|ร้าง|ห่าง|แยก|จร|ลาจาก|ร้างรา|ห่างเหิน|พราก|ห่างไกล|แยกย้าย|ลาลับ|ร้างไกล|จรไกล|ห่างหาย|เลิกรา|ละ|ปลีกตัว|พ้นทาง|ทิ้งห่าง
นานเนิ่น,adv,ช้านาน|เนิ่นนาน|นานโข|ยาวนาน|นานปี|นานนัก|กาลนาน|ช้านานกาเล|ช่วงยาว|นานเต็มที|นานวัน|ยาวนานนัก|ยืดยาว|เนิ่นช้า|นานนักหนา|กาลยาว|เนิ่นนานนัก|ผ่านไปนาน|ช่วงเวลาช้า|เนิ่นนานปี
เนิ่น,adv,ช้า|นาน|ชะลอ|ยืด|ทอดเวลา|ช้าๆ|นานช้า|เฉื่อย|ค่อยเป็นค่อยไป|ยืดเยื้อ|เนิ่นนาน|กินเวลา|ยืดยาว|ล่าช้า|ถ่วงเวลา|ยื้อ|ช้าไป|กาลเนิ่น|นานกาล|เนิ่นกาล
มากเกิน,adv,เหลือ|ล้น|เกินไป|ล้นเหลือ|ท่วมท้น|เกินเหตุ|เกินควร|มากมาย|เกินประมาณ|มหาศาล|เหลือล้น|ล้นพ้น|เกินตัว|เหลือเกิน|เกินประมาณ|ล้นเกิน|เกินจุด|เกินคาด|เกินความหมาย|ท่วมท้นไป
หมองหมาง,adj,หมางเมิน|ระคาย|ขุ่นเคือง|เคือง|ไม่ถูกกัน|ห่างเหิน|บาดหมาง|กินแหนง|แคลงใจ|ขัดเคือง|ผิดใจ|ห่างจาง|ไม่สนิทใจ|ระแวง|หมางใจ|ขุ่นใจ|ขัดแย้ง|บาดใจ|เคืองขุ่น|ไม่รื่นรมย์
หมาง,v,เมิน|เฉย|ห่าง|หมางเมิน|แคลง|ระคาย|เว้นระยะ|ทิ้งช่วง|จาง|ห่างใจ|ละเลย|จางหาย|ไม่สนใจ|หมางใจ|เหินห่าง|ห่างกัน|ห่างออก|ทิ้งห่าง|เมินเฉย|เหิน
กลับ,v,คืน|ย้อน|หวน|หัน|คืนมา|ย้อนมา|หวนคืน|กลับคืน|ย้อนกลับ|หันมา|คืนถิ่น|คืนเดิม|ย้อนถอย|ผัน|หันหลัง|กลับไป|หวนระลึก|คืนย้อน|ย้อนคืน|หันย้อน
จืดจาง,adj,จืด|หาย|ราง|เลือน|จาง|เบาบาง|คลาย|ลดน้อย|จางหาย|เลือนลาง|หมดรส|หมดนัย|จืดสนิท|จางลง|ลดถอย|ค่อยๆ หาย|จางไป|เลือนจาง|รางเลือน|ลดระดับ
จืด,adj,ไร้รส|ไม่เข้มข้น|ชืด|เบา|บาง|เฉย|ไม่น่าสนใจ|จืดสนิท|รสจาง|เบาบางลง|ไม่มีสีสัน|จาง|จืดชืด|ไร้ชีวิต|ลดความหมาย|ลดความสำคัญ|ราบเรียบ|จืดจาง|เบาลง|รสจางลง
ประทิ่น,n,น้ำหอม|กลิ่นหอม|สุคนธ์|อบร่ำ|กลิ่นร่ำ|หอมละมุน|กลิ่นอบ|น้ำปรุง|เครื่องหอม|ไอหอม|อบร่ำหอม|สุคนธรส|กลิ่นอวล|ประทินผิว|เครื่องหอมปรุง|ละอองหอม|กลิ่นประทิน|อบหอม|กลิ่นกรุ่น|ไออบ
ไล้,v,ทา|ลูบ|แต้ม|ทาเบา|บรรจงทา|ประทิน|สัมผัส|แตะแต้ม|ลูบไล้|ประพรม|คลึง|ทาบาง|เคลือบ|นวด|แตะ|แตะเบา|ไล้ผิว|ประทินโฉม|ลูบคลึง|ไล้เลื่อน
ไล้โลม,v,ลูบคลึง|สัมผัส|ปลอบประโลม|ออดอ้อน|แตะแต้ม|เกลี้ยกล่อม|เคล้าคลึง|โอบกอด|สัมผัสอ่อนโยน|ลูบไล้|คลอเคลีย|สัมผัสละมุน|นวดเฟ้น|โอ้โลม|ปลอบใจ|เกลา|เคล้า|โลมไล้|ประทิน|ประคอง
ลูบ,v,สัมผัส|คลึง|ไล้|แตะ|คลำ|นวด|ประคอง|ถนอม|ลูบคลึง|สัมผัสเบา|ไล้เลื่อน|ลูบไล้|ประคบ|ลูบไล้คลำ|สัมผัสอ่อน|โอบ|ประคองลูบ|ประทิน|ลูบไล้เบา|ไล้สัมผัส
จูบ,v,หอม|สัมผัสด้วยปาก|แนบชิด|ปลอบประโลม|จุ๊บ|แตะ|แนบ|จุมพิต|จูบไล้|ประทับรอย|จูบตอบ|สัมผัสใจ|แนบสนิท|จุมพิตเบา|หอมละมุน|แตะสัมผัส|จูบเบา|แนบกาย|จูบอุ่น|สัมผัสรัก
ปอย,n,ช่อ|กลุ่ม|กระจุก|ปอยผม|ส่วน|เส้นสาย|กระจุกผม|มัด|เส้นผม|ช่อผม|กลุ่มผม|เส้นผมรวม|ส่วนผม|ปอยย่อย|กลุ่มเส้น|ช่อเส้น|กลุ่มย่อย|เส้นรวม|กลุ่มรวบ|เส้นกระจุก
ปอยผม,n,เส้นผม|กระจุกผม|ช่อผม|มวยผม|ผมช่อ|เส้นผมกลุ่ม|ปอย|ผมสลวย|เส้นผมย่อย|ริ้วผม|ผมรวมกลุ่ม|กระจุกเส้นผม|ผมช่อเล็ก|กลุ่มเส้นผม|ผมปอย|เส้นผมสลวย|เรือนผม|ผมย่อย|กลุ่มผมรวบ|ปอยผมงาม
เลื่อนลูบ,v,ไล้|ลูบไล้|สัมผัส|เลื่อนไล้|เคลื่อนสัมผัส|ลูบเลื่อน|ไล้เลื่อน|สัมผัสผ่าน|เลื่อนผ่าน|ลูบไล้ผ่าน|เคล้า|ไล้ผ่าน|ลูบเบา|สัมผัสเบา|เคลื่อนลูบ|ลูบไล้เบา|ไล้คลึง|เลื่อนสัมผัส|ลูบช้า|ไล้ช้า
ชวนชม,v,น่ามอง|น่านิยม|น่าดู|ชวนมอง|งามตา|งดงาม|น่าพิศ|ชวนพิศ|ตรึงตา|น่าหลงใหล|น่าชม|ควรชม|งามงด|น่าสนใจ|ดึงดูด|ต้องตา|พิศวง|ชวนเพลิน|น่าหลง|งามชวน
ชวน,v,เชิญ|เชื้อเชิญ|โน้มน้าว|ดึงดูด|กระตุ้น|เรียกร้อง|นำ|นำพา|จูงใจ|สะกิด|บอก|ชี้|ชักจูง|เชิญชวน|เรียก|ชวนเชื่อ|โน้ม|เชื้อ|ดึง|เตือน
อารมณ์,n,ความรู้สึก|จิตใจ|นึกคิด|ห้วงจิต|ใจ|ความในใจ|กมล|มโน|มโนภาพ|ภาวะจิต|กระแสใจ|ความรู้สึกนึกคิด|ทัศนะ|วิสัย|จิต|อารมณ์ขัน|ความรู้สึกใน|จิตวิญญาณ|ห้วงคิด|ใจคอ
ลง,v,ลด|ต่ำ|ตก|วาง|จม|ลาด|ลดระดับ|เคลื่อนต่ำ|ตกไป|วางลง|หันไป|ลดลง|ตกลง|ลาดลง|เคลื่อนที่ลง|วางตัว|ลดต่ำ|ลงสู่|เคลื่อนลง|ทอดลง
ไม่ลง,v,ไม่ตกลง|ไม่ลด|ไม่เลิก|ไม่ไป|ไม่เข้า|ไม่วาง|ไม่จม|ไม่ต่ำ|ไม่ลดระดับ|ไม่จบ|ไม่ตกลงใจ|ไม่ลดละ|ไม่คล้อย|ไม่ต่ำลง|ไม่ยอมลง|ไม่ไปสู่|ไม่จมลง|ไม่ทอดลง|ไม่คล้อยตาม|ไม่วางลง
ถ้า,conj,หาก|เมื่อ|แม้น|หากว่า|ในเมื่อ|ประหนึ่งว่า|หากแม้น|หากเป็น|คราใด|หากกาล|เมื่อใด|ในกรณี|หากหาก|สมมติ|แม้นว่า|เมื่อเป็น|หากปรากฏ|หากเกิด|หากว่าด้วย|แม้นกาล
ถาม,v,ซัก|ไต่ถาม|สอบ|สอบถาม|ถามไถ่|สอบสวน|ตรัสถาม|สืบ|สืบถาม|ไขความ|ถามหา|ไต่|ถามไถ่ความ|ขอทราบ|ซักถาม|ไขข้อสงสัย|ถามนำ|ปรึกษา|ถามใจ|สอบความ
เพื่อ,prep,สำหรับ|มุ่ง|หมาย|ด้วย|โดย|เพื่อที่|เพื่อจะ|เพื่อหมาย|มุ่งหวัง|สำหรับกาล|อาศัย|เพื่อการ|เพื่อประสงค์|สำหรับที่จะ|เพื่อได้|มุ่งสู่|อันจะ|เพื่อนำ|อาศัยเพื่อ|เพื่อเป็น
ปลุก,v,ตื่น|เร้า|กระตุ้น|ปลุกเร้า|เรียก|ปลุกให้ตื่น|สะกิด|ชวน|กระตุ้นเตือน|รุก|ตื่นเถิด|เรียกขาน|กระตุ้นใจ|เร้าใจ|ปลุกจิต|ปลุกใจ|เตือนสติ|เรียกสติ|สร้างพลัง|ปลุกพลัง
ปลุกปลอบ,v,ปลอบ|ปลอบประโลม|ดูแล|บรรเทา|ฟื้น|ฟูใจ|ปลอบขวัญ|ปลอบใจ|เกื้อหนุน|ดูแลใจ|ปลอบโยน|ให้กำลังใจ|ฟื้นใจ|ปลอบประโลมใจ|ฟูมฟัก|เติมใจ|ประโลม|ประคองใจ|ปลอบขวัญใจ|เติมกำลัง
ตอบ,v,โต้|โต้ตอบ|สนอง|เฉลย|ชี้แจง|ไข|ตอบกลับ|ย้อน|ขาน|ไขคำ|ตอบรับ|แก้|ไขความ|ตอบคำ|สนองตอบ|ตอบแทน|โต้กลับ|ตอบให้รู้|เฉลยความ|ไขกระจ่าง
ไถ่,v,ถาม|ไถ่ถาม|สืบ|ไต่|ถามไถ่|ไถ่ถามความเป็นไป|สอบถาม|สืบความ|ถามข่าว|สืบข่าว|ไขข้อ|ถามความ|สอบไถ่|ถามไถ่ทุกข์สุข|สืบรู้|ไขความ|สืบสวน|ไต่สวน|ถามไถ่ความ|ไขนัย
เย้ย,v,ล้อ|เยาะ|เย้ยหยัน|ล้อเลียน|ดูแคลน|เหยียด|หยัน|หมิ่น|ดูหมิ่น|เยาะเย้ย|หยาม|ล้อเล่น|ลบหลู่|ล้อหยอก|เย้ยถัน|เหยียดหยาม|ดูแคลน|เย้ยลับ|หัวเราะเยาะ|หยันใจ
คำถาม,n,ข้อสงสัย|ปัญหา|ประเด็น|ความสงสัย|คำไข|ข้อซักถาม|สิ่งที่ถาม|ปุจฉา|ข้อถาม|คำถามใจ|ข้อสงสัยใจ|ประเด็นถาม|ไขปัญหา|ข้อไต่ถาม|ประเด็นความ|คำซัก|ข้อความถาม|คำไถ่|ข้อไข|ข้อถก
ทำไม,adv,เหตุใด|เพราะเหตุใด|ไฉน|ด้วยเหตุใด|อันใด|เหตุไร|ไย|อย่างไร|เพราะอะไร|ด้วยเหตุผลใด|เหตุใดหนอ|เหตุฉะไหน|เพราะปัจจัยใด|เป็นเหตุใด|ถามเหตุ|ด้วยเหตุ|เหตุใดเล่า|เพราะอะไร|ไยเล่า|ไฉนเล่า
ไย,adv,ทำไม|ไฉน|เหตุใด|ไยเล่า|เพราะเหตุใด|เหตุใด|ด้วยเหตุใด|เหตุไร|เพราะเหตุใด|ไฉนเล่า|ทำไมหนอ|เพราะอะไร|เหตุใดหนอ|ทำไมเล่า|ไฉนจึง|เพราะเหตุใดกัน|ด้วยเหตุใดเล่า|เหตุไรเล่า|ไฉนหนอ|เหตุใดนั่น
ไพ,v,ไป|เยือน|ผ่าน|จร|ท่องเที่ยว|สัญจร|ล่วง|เดินทาง|ร่อน|เร่|เลียบ|เลาะ|ผ่านทาง|ไพไป|จรลี|ท่อง|เดิน|เคลื่อน|เร่ไป|ผ่านพ้น
ถาง,v,แผ้ว|แผ้วถาง|ตัด|ทำลาย|เบิก|กำจัด|กำจัดพืช|เคลียร์|ปรับ|หักร้าง|ตัดกอ|ถางพง|แผ้วทาง|ปรับพื้นที่|ทำลายรก|เปิดทาง|แผ้วพง|หัก|เคลียร์ทาง|เบิกทาง
อย่าง,prep,เช่น|ประหนึ่ง|ปาน|ดั่ง|เสมือน|ท่า|ท่วง|อาการ|ลักษณะ|แบบ|เฉก|ประดุจ|ประหนึ่งว่า|เช่นนั้น|รูปแบบ|อาการที่|ลักษณะที่|ดั่งเช่น|ท่วงที|เยี่ยง
เลือดเย็น,adj,โหด|ร้าย|ใจดำ|อำมหิต|ไร้ความรู้สึก|เย็นชา|ไร้เมตตา|โหดเหี้ยม|ใจแข็ง|โหดร้าย|ปราศจากปรานี|ไร้ใจ|อำมหิตจิต|เย็นเฉียบ|ปราศจากเมตตา|ใจเย็น|เลือดเย็น|อำมหิต|ปราศจากปราณี|ไร้ความปรานี
ไยไพ,v_phrase,จะไปทำไม|เหตุใดต้องไป|ไฉนจึงจร|ทำไมต้องจาก|เหตุไรต้องเดินทาง|ไฉนต้องผละ|เหตุใดต้องพราก|ทำไมต้องจร|ด้วยเหตุใดจึงไป|ไฉนต้องเร่|เหตุใดต้องเคลื่อน|ไฉนจึงลา|เหตุใดต้องหนี|ทำไมต้องทิ้ง|ไฉนจึงห่าง|เหตุใดต้องร้าง|ทำไมต้องจร|ด้วยเหตุใดต้องไป|ไฉนต้องผินหลัง|เหตุใดต้องผ่าน
ก่อน,prep,เบื้องหน้า|แต่เดิม|แต่ก่อน|ก่อนหน้า|กาลก่อน|ลำดับแรก|เบื้องต้น|ก่อนกาล|สมัยก่อน|ปฐม|นำหน้า|อดีต|เมื่อครั้ง|ก่อนโน้น|ยุคก่อน|เบื้องหลัง|ลำดับนำ|ต้นทาง|ก่อนเวลา|ก่อนกาลเวลา
ง้องอน,v,ออดอ้อน|ง้อ|รบเร้า|ออเซาะ|ออด|ประจบ|เอาใจ|รบเร้าเอาใจ|ทอดสะพาน|ออดอ้อนออเซาะ|ทำงอนง้อ|พะเน้าพะนอ|อ้อนวอน|ประเล้าประโลม|หยอกล้อ|ง้อแง|อ้อน|ทำนองงอน|กระเซ้า|อ้อนรบเร้า
ง้อ,v,อ้อน|เอาใจ|ประจบ|ปลอบ|ปลอบประโลม|รบเร้า|ออเซาะ|ออด|พะเน้าพะนอ|ประเล้าประโลม|ขอคืนดี|ง้องอน|อ้อนวอน|ขอโทษ|ขออภัย|ประคองใจ|ชวนคุย|รบเร้าขอใจ|ง้อใจ|ชวนคืนดี
งอน,v,โกรธ|เคือง|ไม่พอใจ|ทำงอน|แง่งอน|น้อยใจ|ขัดใจ|บึ้ง|ตึง|ไม่สบอารมณ์|ประชด|ขุ่นเคือง|โกรธเคือง|ไม่พูดจา|น้อยใจทำงอน|แง่งอนทำบึ้ง|ถือโกรธ|บึ้งตึง|แง่งอนแสนงอน|ขุ่นใจ
ทุกที,adv,เสมอ|เป็นประจำ|ตลอด|ทุกครั้ง|ทุกเมื่อ|คราใด|ยามใด|เป็นนิจ|ทุกครา|เสมอมา|ทุกเวลา|ดั่งเดิม|ทุกคราว|ทุกสมัย|ไม่เคยเปลี่ยน|ทุกยาม|ทุกโอกาส|เสมอต้นเสมอปลาย|ทุกครั้งคราว|เป็นนิสัย
ที,n,ครั้ง|ครา|รอบ|โอกาส|ลำดับ|คราว|จังหวะ|เที่ยว|คราวหนึ่ง|วาระ|จังหวะเวลา|ลำดับคราว|รอบที|คราวที่|โอกาสที่|วาระที่|ครั้งคราว|เที่ยวที่|ช่วง|จังหวะครั้ง
ยา,n,โอสถ|เภสัช|ตัวยา|เครื่องรักษา|สิ่งที่เยียวยา|ของแก้|โอสถสาร|ยารักษา|สมุนไพร|ยาใจ|เครื่องระงับ|เครื่องบำบัด|สารรักษา|มวลยา|เครื่องปรุง|โอสถทิพย์|ยาสมาน|เครื่องเยียวยา|ตัวยาบำบัด|ยารักษาใจ
ซ่อนเร้น,v,ปิดบัง|อำพราง|หลบ|เลี่ยง|ปกปิด|พราง|เร้นลับ|ลับ|ไม่เปิดเผย|ลับเร้น|อำพราง|ซ่อน|เร้น|ปิดซ่อน|พรางตา|ปกปิดมิดชิด|ซ่อนความ|หลบเร้น|อำพรางความ|เร้นกาย
อำพราง,v,ปิดบัง|พราง|ปิดซ่อน|อำ|บัง|ซ่อนเร้น|ปกปิด|อำพรางความ|พรางตา|ทำเป็นไม่เห็น|เร้น|ปิดมิด|ซ่อน|ซ่อนเร้น|ปิดตา|ปิดบังอำพราง|หลบตา|ปิดบังพราง|ปกปิดร่องรอย|อำพรางรอย
อำ,v,ปิด|บัง|ปิดบัง|พราง|ซ่อน|ปกปิด|อำพราง|บังตา|เร้น|กลบ|กลบเกลื่อน|ปิดบังมิด|บังหน้า|ซ่อนความ|ปิดบังความ|พรางตัว|ปิดมิดชิด|ปกปิด|อำความ|ซ่อนเร้น
ทุกอย่าง,pron,มวลสาร|ทั้งปวง|ทั้งหมด|สรรพสิ่ง|ทุกสิ่ง|ทั้งมวล|สิ่งทั้งหลาย|สรรพทั้งหลาย|มวลหมู่|บรรดาสิ่ง|สิ่งที่เหลือ|ทั้งหมดทั้งมวล|สิ่งทั้งปวง|สรรพสิ่งทั้งมวล|มวลทุกสิ่ง|สรรพการ|ทุกสิ่งอย่าง|ทั้งหมดมวล|ทุกสถาน|ทุกสรรพสิ่ง
ทน,v,อดกลั้น|อดทน|ยอม|ฝืน|ต้าน|ทนทาน|อด|รับ|แบก|รับมือ|ทนไหว|ทนทานต่อ|อดออม|ยับยั้ง|ฝืนใจ|รับได้|มั่น|ดื้อ|อึด|ฝ่าฟัน
ช้ำ,v,เจ็บ|ปวด|ระบม|รอยร้าว|ชอกช้ำ|ช้ำใจ|ร้าว|รวน|แตกสลาย|เจ็บปวด|บอบช้ำ|ช้ำใจ|ระกำ|ระทม|บาด|รอยช้ำ|ทรมาน|ขื่นขม|ขื่น|แตก
ซ้ำซาก,adj,ซ้ำ|เดิม|วนเวียน|จำเจ|ซ้ำๆ|ซ้ำเดิม|ย้ำ|วน|ซ้ำบ่อย|เป็นนิจ|น่าเบื่อ|วนลูป|ย้ำรอย|ซ้ำซ้อน|ซ้ำคราว|ซ้ำรอบ|ซ้ำแล้วซ้ำเล่า|วนไป|ซ้ำจุด|วนลูปเดิม
ซาก,n,เศษ|ร่าง|รอย|ที่เหลือ|ซากปรัก|สิ่งที่หลงเหลือ|เศษเสี้ยว|รอยอดีต|ร่างเดิม|โครง|ของเหลือ|เศษซาก|ที่ทิ้งไว้|รอยที่เหลือ|วัตถุเดิม|รอยอดีตที่เหลือ|โครงเดิม|ซากที่เหลือ|เศษปรัก|สิ่งตกค้าง
ยาก,adj,ลำบาก|ทน|หนัก|ยากเข็ญ|ขัดสน|ลำเค็ญ|ทุกข์ยาก|ยากแค้น|ลำบากใจ|ขัดข้อง|ติดขัด|ฝืดเคือง|ไม่ง่าย|ซับซ้อน|หนักหนา|ยากลำบาก|ทุกข์ระทม|เหนื่อยยาก|ขัด|มืดมน
ทุกวัน,adv,เสมอ|ทุกเวลา|เนืองๆ|ประจำ|วันแล้ววันเล่า|ทุกทิวา|ทิวา|วันคืน|ตลอดเวลา|ทุกวันคืน|ทุกครา|ทุกเมื่อ|ไม่ว่างเว้น|สม่ำเสมอ|เป็นนิจ|ทุกวาร|ทุกวันเวลา|วันเว้นวัน|วันต่อวัน|ทุกช่วงเวลา
ค่า,n,ราคา|คุณค่า|มูลค่า|ผล|น้ำหนัก|ค่าตอบแทน|ประโยชน์|ฐานะ|เกียรติ|สิ่งสำคัญ|ความหมาย|คุณ|ราคาค่า|มูล|คุณสมบัติ|นัยสำคัญ|เกียรติยศ|ความสำคัญ|ประโยค|ค่าควร
อด,v,งด|เว้น|ทน|ขาด|จำกัด|ตัด|ระงับ|ละ|เลิก|อดกลั้น|เว้นจาก|ตัดขาด|ทนไว้|ยับยั้ง|ละเว้น|ทนไหว|ตัดใจ|อดใจ|หักห้าม|ฝืน
ทน,v,อดกลั้น|ฝืน|ต้าน|รับ|แบก|ยืนหยัด|ทนทาน|อด|อดออม|มั่น|ทนไหว|ฝืนใจ|รับมือ|ประคอง|อดทน|ฝ่าฟัน|ยึดมั่น|ประคับประคอง|รับได้|อดใจ
ใด,pron,อะไร|ไหน|สิ่งใด|อันใด|คนไหน|ใคร|สิ่งใดก็ตาม|ตัวไหน|ไหนๆ|ที่ไหน|คนใด|ใดๆ|ทุกสิ่ง|ทุกประการ|ประการใด|ส่วนไหน|จุดไหน|ทั้งหมด|อันเป็น|สิ่งต่างๆ
คราบ,n,รอย|รอยเปื้อน|คราบไคล|มลทิน|เครื่องหมาย|รอยสกปรก|คราบรอย|สิ่งที่ติด|รอยอดีต|มลทินใจ|เศษ|รอยฝัง|รอยเปรอะ|คราบมลทิน|เครื่องเปื้อน|คราบสกปรก|รอยทิ้งไว้|สิ่งที่เลอะ|ร่องรอย|คราบเปรอะ
เรียวข้าว,n,รวงข้าว|ยอดข้าว|ช่อข้าว|เมล็ดข้าว|ต้นข้าว|รวงทอง|ข้าวเม็ด|ช่อรวง|ก้านข้าว|ข้าวเขียว|เมล็ดเรียว|ช่อรวงทอง|รวงข้าวอ่อน|ยอดข้าวเรียว|เรียวรวง|ยอดข้าวสลวย|ช่อเมล็ด|รวงข้าวสุก|ข้าวในรวง|ยอดเรียว
เหม่อ,v,ลอย|ใจลอย|เพ้อ|มัว|มืด|ล่องลอย|หลุดลอย|นิ่ง|เหม่อลอย|เพ้อฝัน|ใจไม่อยู่กับตัว|ลอยละล่อง|เหม่อมอง|นิ่งงัน|หลุดโลก|ห่างหาย|ลอยเคว้ง|เหม่อคิด|เลือน|จาง
เหม่อมอง,v,จ้อง|เพ่ง|มองเหม่อ|จ้องมอง|พิศ|เพ่งพิศ|ทอดสายตา|จ้องนาน|มองอย่างลอย|จ้องตาค้าง|เหม่อดู|พิศมอง|จับจ้อง|มองผ่าน|เหม่อลอยดู|จ้องมองนิ่ง|ทอดมอง|เพ่งนิ่ง|สายตาลอย|มองไม่เห็น
ขม,adj,ฝาด|เผ็ด|ขื่น|ขมขื่น|รสขม|ไม่หวาน|ขมจัด|ขมปร่า|ระคาย|ปะแล่ม|ขมเข้ม|รสเฝื่อน|ขมร้าว|ขมใจ|ฝาดลิ้น|ขมลึก|รสขื่น|เฝื่อนลิ้น|ขมดุจยา|ขมคอ
หมึก,n,น้ำหมึก|หมึกเขียน|จารึก|สีดำ|นิล|รัตติกาล|รอยดำ|หมึกจีน|สีหมึก|น้ำหมึกดำ|หมึกจีนดำ|รอยจาร|หมึกเขียนกลอน|เครื่องเขียน|หมึกสีนิล|น้ำดำ|หมึกแต้ม|สีมืด|น้ำจารึก|หมึกจาง
หมึกมน,adj,มืด|ดำ|มัว|มืดมิด|หมอง|นิล|ดำมืด|มัวหมอง|มืดมน|สีเข้ม|มืดสลัว|เงา|สีหมึก|มืดสลัว|ดำสนิท|สีนิลมืด|มืดมัว|เงามืด|สลัว|มืดมืด
แล่น,v,เคลื่อน|ไหล|รี่|พุ่ง|วิ่ง|ล่อง|ปราด|โผ|ลอย|ทะยาน|แล่นฉิว|ไหลลื่น|เคลื่อนคล้อย|วิ่งรี่|โฉบ|เคลื่อนไป|รุด|รุดหน้า|พุ่งผ่าน|เคลื่อนไหว
หงษ์,n,หงส์|ปักษี|สกุณา|นกสูงศักดิ์|ปักษิณ|ปักษาสวรรค์|นกในตำนาน|พญาปักษี|หงส์ทอง|หงส์เหิน|ปักษา|นกสวรรค์|หงส์ร่อน|หงส์ระบำ|นกแก้ว|หงส์พญา|ปักษีทิพย์|หงส์สีทอง|หงส์ฟ้า|ราชปักษา
สน,v,สนใจ|ใส่ใจ|พะวง|คิด|คำนึง|ตรอง|ใคร่ครวญ|ห่วงใย|คะนึง|รำพึง|หมาย|มอง|พินิจ|นึก|ตรึกตรอง|สนเท่ห์|หมายตา|ใคร่|คำนึงหา|พะวักพะวง
หว่าน,v,โปรย|โรย|โปรยปราย|หว่านพืช|กระจาย|โรยราย|สะพัด|สาด|สาดส่อง|หว่านเมล็ด|โปรยปรายลง|กระจัด|เพาะ|ปัก|หว่านโรย|กระจายตัว|โปรยทั่ว|โปรยฝน|หว่านหว่า|โปรยหว่าน
กลาง,prep,ท่ามกลาง|ท่าม|ระหว่าง|ใจกลาง|ศูนย์กลาง|มัธยม|พื้นที่กลาง|ที่ว่าง|ในวง|ระหว่างกลาง|ท่ามกลางหมู่|วงกลาง|ส่วนกลาง|ศูนย์|พื้นที่ว่าง|ท่าม|ที่ว่างเปล่า|เขตกลาง|วงล้อม|ท่ามกลางใจ
เข้ม,adj,แก่|จัด|หนัก|ข้น|เข้มข้น|ดำ|ลึก|เด่น|แน่น|เคร่ง|ขึงขัง|เข้มแข็ง|ดุดัน|เข้มงวด|ชัด|ชัดเจน|เข้มข้นจัด|ข้นคลั่ก|สีเข้ม|แก่จัด
แพรก,n,พง|หญ้า|ทุ่ง|พงหญ้า|ทาง|รอย|ดง|ทุ่งหญ้า|ป่าเตี้ย|ทางแยก|ทางเดิน|หญ้าแพรก|พุ่มหญ้า|พงพนา|ทางเดินเท้า|พุ่มเตี้ย|ทางผ่าน|พงพฤกษ์|แนวหญ้า|พื้นที่รก
แหลก,adj,ละเอียด|แตก|ป่น|ย่อยยับ|พินาศ|เละ|ป่นปี้|แตกละเอียด|ยับเยิน|แตกสลาย|จาง|หาย|เปื่อย|พัง|แตกกระจาย|ละลาย|เป็นผุยผง|ย่อย|มลาย|แตกย่อย
ปราย,v,โปรย|โรย|กระจาย|สาด|ส่อง|หว่าน|ละออง|ร่วง|แผ่|สาดส่อง|หว่านโปรย|กระจายตัว|โปรยปราย|ซัด|ซัดส่าย|แผ่กระจาย|โรยราย|ร่วงพรู|โรยตัว|ปลิว
ทะนง,adj,องอาจ|กล้า|ถือดี|หยิ่ง|มานะ|ทระนง|สง่า|เย่อหยิ่ง|ถือตัว|องอาจกล้าหาญ|เย่อ|หยิ่งทะนง|หยิ่งผยอง|มานะตน|ภูมิใจ|ถือดีในตน|ถือตัวองอาจ|มั่นในตน|มานะกล้า|สง่าองอาจ
ธรรมเที่ยง,n,สัจธรรม|ความจริง|ความเที่ยงธรรม|กฎธรรมชาติ|สัจจะ|ความจริงแท้|ความยุติธรรม|ความเที่ยงแท้|ธรรมมะ|สภาวะธรรม|ความถูกต้อง|หลักธรรม|ความเที่ยงตรง|กฎแห่งกรรม|ความจริงนิรันดร์|ความเป็นธรรม|สัจธรรมนิรันดร์|ธรรมนำทาง|ความเที่ยง|ความจริงสากล
โลกา,n,โลก|พิภพ|ธรณี|โลกมนุษย์|สากล|จักรวาล|พื้นพิภพ|ปฐพี|แดนดิน|โลกหล้า|มวลมนุษย์|ภพ|เขตคาม|แดนมนุษย์|แผ่นดิน|โลกทั้งมวล|สากลโลก|พื้นแผ่นดิน|แหล่งอาศัย|จักรภพ
โล,v,ร่อน|ร่อนลง|ร่อนเร่|คล้อย|ลอย|ลาด|เคลื่อน|เคลื่อนลง|ทอด|ลง|ลาดลง|ร่อนผ่าน|ลอยตัว|ร่อนลม|ร่อนไป|เคลื่อนต่ำ|ตก|ร่อนลงสู่|ลอยเลื่อน|ร่อนผ่านไป
พ้อ,v,พบ|เจอ|ประสบ|พบเห็น|ปะ|พบพาน|พบปะ|เห็น|สบ|ประสบพบ|สบตา|เผชิญ|ประจัน|พานพบ|ทัศนา|ประสานพบ|เห็นประจักษ์|ประสบพักตร์|ประสาน|ร่วมพ้อ
เรือง,v,ส่อง|สว่าง|รุ่ง|โชติ|จรัส|กระจ่าง|สุกใส|รุ่งโรจน์|โชติช่วง|เปล่งประกาย|สว่างไสว|เรืองรอง|รุจี|สุกสกาว|แพรวพราว|สว่างกระจ่าง|เรืองแสง|จรัสแสง|โชติชัชวาล|รุ่งเรือง
แพรว,adj,วาว|วับ|ระยับ|พราว|แวว|สดใส|เปล่งประกาย|สุกใส|กระจ่าง|สว่างไสว|แพรวพราว|ระยิบระยับ|วับวาว|แวววาว|รุ่งเรือง|รุจี|โชติ|ระยับตา|จรัส|ผุดผ่อง
ขอบฟ้า,n,สุดสายตา|เส้นขอบฟ้า|ขอบโพยม|เส้นนภา|สุดฟ้า|ปลายฟ้า|สุดขอบนภา|แนวฟ้า|แนวขอบฟ้า|ปลายขอบนภา|สุดเส้นขอบฟ้า|ขอบสวรรค์|เขตฟ้า|เส้นสวรรค์|แนวขอบนภา|สุดเวหา|สุดสายเนตร|แนวขอบเวหา|สุดฟ้ากว้าง|ขอบนภา
ขลิบ,v,ตัด|แต่ง|เล็ม|ตัดขอบ|ริม|ประดับ|เย็บ|จัด|ริมขอบ|ตกแต่ง|ชิด|ตัดริม|ประดับริม|ขีด|ตัดขอบริม|เล็มริม|ประดับขอบ|เดินขอบ|แต่งริม|กรอบ
แพร้ว,adj,แพรว|วาว|วับ|ระยับ|แวว|เปล่งประกาย|สุกใส|กระจ่าง|สว่างไสว|แพรวพราว|ระยิบระยับ|วับวาว|แวววาว|รุ่งเรือง|รุจี|โชติ|ระยับตา|จรัส|ผุดผ่อง|สดใส
แนวนา,n,ทางนา|แนวข้าว|คันนา|ทิวนา|แนวกล้า|ทิวแถวข้าว|แนวนาข้าว|แนวทาง|เขตนา|แถวต้นข้าว|ทิวข้าว|แนวคันดิน|แถวกล้า|แนวปักดำ|แนวไร่นา|แนวพืช|แนวกสิกรรม|ทิวแถวนา|แนวเขต|แนวรวงข้าว
ราว,prep,ดุจ|ประหนึ่ง|เสมือน|ปาน|เปรียบ|เฉก|ประดุจ|ละม้าย|คล้าย|เค้า|เสมือนดั่ง|ดัง|ประหนึ่งว่า|ปานดั่ง|ประมาน|ใกล้เคียง|ประหนึ่งเสมือน|คล้ายคลึง|ประดุจดัง|ท่าทาง
โศลก,n,กลอน|บทกวี|ร้อยกรอง|คำประพันธ์|วจนะ|ถ้อยคำ|คำคล้องจอง|ร้อยแก้ว|กาพย์|ฉันท์|บทเพลง|วจนสาร|คำสอน|บทพจน์|นิพนธ์|กวีนิพนธ์|ถ้อยร้อย|คำจารึก|บทความ|วรรณศิลป์
ที่ดี,adj,ประเสริฐ|วิเศษ|เลิศ|ดีงาม|สูงส่ง|ล้ำค่า|งดงาม|สมบูรณ์|เพียบพร้อม|ควรค่า|เป็นมงคล|เลิศล้ำ|ดีเยี่ยม|สุจริต|คุณภาพ|งดงามประเสริฐ|ดีเลิศ|เป็นเลิศ|น่านิยม|น่าสรรเสริญ
เสนาะ,adj,ไพเราะ|หวาน|กังวาน|เพราะ|รื่นหู|จับใจ|ชวนฟัง|น่าฟัง|ดังกังวาน|หวานหู|เสนาะหู|เสนาะโสต|เพราะพริ้ง|กังวานหวาน|หวานล้ำ|รื่นรมย์|ไพเราะเสนาะ|กลมกล่อม|เสนาะใจ|เสียงใส
กรรณ,n,หู|โสต|ประสาทหู|โสตประสาท|หูฟัง|อวัยวะรับฟัง|โสตทวาร|เครื่องรับเสียง|ผู้ฟัง|สดับ|ฟัง|หูรับฟัง|ช่องหู|โสตรับ|โสตสัมผัส|หูฟังเสียง|กรรณโสต|การสดับ|รับฟัง|โสตทิพย์
หลั่น,v,ลด|ลดหลั่น|เรียง|เรียงลำดับ|ตามลำดับ|ไล่|เรียงกัน|เป็นชั้น|ลดระดับ|เรียงตาม|ลดเป็นชั้น|ลดเป็นลำดับ|เรียงชั้น|ลดหลั่นกัน|ไล่ลำดับ|เรียงตามชั้น|ตามชั้น|ไล่ระดับ|เรียงกันไป|ไล่ชั้น
ซึ้ง,adj/v,ลึกซึ้ง|ประทับใจ|ตราตรึง|จับใจ|ซาบซึ้ง|กินใจ|ดื่มด่ำ|ตรึงตา|ตรึงจิต|ซาบซ่าน|สั่นสะเทือนอารมณ์|ถึงแก่น|ละเมียดละไม|คมคาย|ซึมลึก|ชวนหลงใหล|กินใจความ|ประทับจิต|ดื่มด่ำใจ|ถึงใจ
สังเวช,v,สลด|สลดใจ|สังเวชใจ|เศร้า|สะเทือนใจ|เวทนา|หดหู่|อนิจจัง|เห็นใจ|เศร้าใจ|หดหู่ใจ|ทอดถอนใจ|สลดหดหู่|เศร้าโศก|อาดูร|สังเวชรำพึง|ตระหนัก|ตระหนก|เศร้าสร้อย|ทอดถอน
สัง,v,เตือน|บอก|สั่ง|กำชับ|สั่งสอน|แนะนำ|แจ้ง|กล่าว|ตักเตือน|เตือนสติ|รำพึง|ครวญ|สั่งความ|รำพัน|เตือนใจ|สั่งการ|สอน|แจ้งให้ทราบ|บอกกล่าว|กล่าวเตือน
อนาถ,adj,น่าสมเพช|น่าสังเวช|สลดใจ|น่าเศร้า|น่าเวทนา|น่าหดหู่|ทุรนทุราย|อาภัพ|น่าสงสาร|น่าทอดถอน|อับจน|น่าสลด|น่าเศร้าสร้อย|ไร้ค่า|น่าหดหู่ใจ|น่าสมเพชเวทนา|ลำบาก|ยากเข็ญ|น่าสังเวชใจ|สิ้นไร้
กระฉ่อน,adj,เลื่องลือ|โด่งดัง|ก้อง|ลือลั่น|ขจร|กระจาย|กึกก้อง|ลือกระฉ่อน|แพร่หลาย|สะพัด|รู้ทั่ว|กล่าวขาน|เป็นที่รู้จัก|เลื่องชื่อ|กระฉ่อนโลก|ลือชื่อ|โจษจัน|ก้องกังวาน|ขจรไกล|ก้องฟ้า
ฉาว,adj,คาว|อื้อฉาว|ไม่ดี|น่าอับอาย|เสื่อมเสีย|โจษจัน|เป็นข่าว|ข่าวคาว|เป็นที่วิจารณ์|น่าละอาย|มัวหมอง|เสื่อมเกียรติ|วิพากษ์วิจารณ์|น่ารังเกียจ|ฉาวโฉ่|เสื่อมทราม|แปดเปื้อน|อื้ออึง|ข่าวฉาว|เสื่อมเสียชื่อ
ฉล,adj,เฉลียว|ฉลาด|รวดเร็ว|แคล่วคล่อง|ว่องไว|มีไหวพริบ|หัวไว|ปราชญ์เปรื่อง|ทันเหตุการณ์|ฉับไว|รอบคอบ|แยบคาย|ปราดเปรื่อง|ชาญฉลาด|ปราดเปรียว|คล่องแคล่ว|ทันโลก|ไหวพริบดี|เฉลียวฉลาด|ฉับพลัน
ชาว,n,คน|ประชา|พล|หมู่คน|ประชาชน|หมู่เหล่า|พวก|เหล่า|ผู้คน|ประชาคม|มวลชน|กลุ่มคน|พสกนิกร|ราษฎร|ผู้คนในเขต|ประชาชาติ|หมู่มวล|เพื่อนมนุษย์|เหล่าชาว|สังคม
ปาว,v,ป่าว|ประกาศ|ร้อง|ตะโกน|บอก|แจ้ง|ร้องบอก|ป่าวร้อง|แถลง|บอกกล่าว|ป่าวประกาศ|ประกาศก้อง|ร้องเรียก|แจ้งข่าว|ตะโกนก้อง|บอกเล่า|ร้องป่าว|ประกาศให้ทราบ|ร้องเตือน|ป่าวข่าว
เมา,adj/v,มึน|งง|ซวนเซ|เคลิ้ม|มัวเมา|หลง|มึนงง|วิงเวียน|ขาดสติ|หลงใหล|เคลิบเคลิ้ม|มืดมัว|มัวเมาใน|สร่างเมา|ลุ่มหลง|เลือนลาง|ขาดสติสัมปชัญญะ|มึนเมา|หลงมัวเมา|เคลิ้มฝัน
ไกล,adj,ห่าง|ห่างไกล|โพ้น|ลิบ|ลับ|สุดสายตา|ไกลลิบ|ไกลโพ้น|ห่างออกไป|สุดกู่|ห่างไกลตา|เลื่อนลาง|ไกลตา|ห่างไกลสุดขอบ|ลับตา|ลิบลับ|เวิ้งว้าง|สุดกว้าง|ห่างเหิน|ไกลห่าง
คราม,n,น้ำเงิน|สีคราม|สีน้ำเงินเข้ม|น้ำเงินอมเขียว|สีฟ้าเข้ม|นิล|สีนภา|สีทะเล|โทนน้ำเงิน|เข้ม|มืดมัว|สีครามเข้ม|สีดึก|สีท้องฟ้า|สีน้ำลึก|สีมืดสลัว|สีน้ำเงินดิ่ง|สีนภาเข้ม|สีน้ำเงินมืด|สีน้ำเงินคราม
ฟ้าคราม,n,นภาสีน้ำเงิน|ท้องฟ้า|ขอบฟ้า|สีคราม|เวหา|นภา|สีนภากาศ|ฟ้าน้ำเงิน|นภาสีเข้ม|ขอบนภา|สีฟ้าใส|นภาลัย|ท้องฟ้าคราม|เวหน|สีนภา|สีท้องฟ้าคราม|ฟ้ากว้าง|สีคราม|นภากาศ|นภาสีคราม
โลภ,v/adj,อยากได้|ละโมบ|หิวกระหาย|ปรารถนา|เห็นแก่ได้|มักมาก|โลภโมโทสัน|อยากได้ไม่สิ้นสุด|มักได้|หิว|ความอยาก|กระหาย|ปรารถนาแรงกล้า|ความโลภ|มักใหญ่ใฝ่สูง|ความปรารถนา|อยากได้มาก|หิวโหย|ความหิว|ไม่รู้จักพอ
คบหา,v,สมาคม|คบ|พบปะ|คบค้า|ไปมาหาสู่|สานสัมพันธ์|ตีสนิท|ร่วม|ใกล้ชิด|ผูกมิตร|คบค้าสมาคม|รวมกลุ่ม|สนิทสนม|สัมพันธ์|มีปฏิสัมพันธ์|สานต่อ|คบหาสมาคม|เป็นมิตร|แลกเปลี่ยน|ผูกพัน
หา,v,ค้น|เสาะ|แสวง|สำรวจ|สืบ|ค้นหา|เสาะหา|แสวงหา|ตาม|ควานหา|สืบเสาะ|ตรวจ|ติดตาม|สืบค้น|เฟ้น|ควาน|เสาะแสวง|เสาะสืบ|ค้นคว้า|หาความ